timestamp_utc,column,old_value,new_value,reason
2021-03-24 04:00:00+00:00,solar_forecast_mw,0.0025,0.0,"Solar > 0 at night (4:00 UTC) but ≤ 50.0 MW → rounding artifact, set to 0"
2021-03-25 04:00:00+00:00,solar_forecast_mw,0.08,0.0,"Solar > 0 at night (4:00 UTC) but ≤ 50.0 MW → rounding artifact, set to 0"
2021-03-26 04:00:00+00:00,solar_forecast_mw,0.3925,0.0,"Solar > 0 at night (4:00 UTC) but ≤ 50.0 MW → rounding artifact, set to 0"
2021-03-27 04:00:00+00:00,solar_forecast_mw,0.7525,0.0,"Solar > 0 at night (4:00 UTC) but ≤ 50.0 MW → rounding artifact, set to 0"
2021-03-28 04:00:00+00:00,solar_forecast_mw,1.6625,0.0,"Solar > 0 at night (4:00 UTC) but ≤ 50.0 MW → rounding artifact, set to 0"
2021-03-29 04:00:00+00:00,solar_forecast_mw,1.8625,0.0,"Solar > 0 at night (4:00 UTC) but ≤ 50.0 MW → rounding artifact, set to 0"
2021-03-30 04:00:00+00:00,solar_forecast_mw,5.505,0.0,"Solar > 0 at night (4:00 UTC) but ≤ 50.0 MW → rounding artifact, set to 0"
2021-03-31 04:00:00+00:00,solar_forecast_mw,9.717500000000001,0.0,"Solar > 0 at night (4:00 UTC) but ≤ 50.0 MW → rounding artifact, set to 0"
2021-04-01 04:00:00+00:00,solar_forecast_mw,12.23,0.0,"Solar > 0 at night (4:00 UTC) but ≤ 50.0 MW → rounding artifact, set to 0"
2021-04-02 04:00:00+00:00,solar_forecast_mw,17.505,0.0,"Solar > 0 at night (4:00 UTC) but ≤ 50.0 MW → rounding artifact, set to 0"
2021-04-03 04:00:00+00:00,solar_forecast_mw,22.5375,0.0,"Solar > 0 at night (4:00 UTC) but ≤ 50.0 MW → rounding artifact, set to 0"
2021-04-04 04:00:00+00:00,solar_forecast_mw,34.92,0.0,"Solar > 0 at night (4:00 UTC) but ≤ 50.0 MW → rounding artifact, set to 0"
2021-04-05 04:00:00+00:00,solar_forecast_mw,35.22,0.0,"Solar > 0 at night (4:00 UTC) but ≤ 50.0 MW → rounding artifact, set to 0"
2021-04-20 03:00:00+00:00,solar_forecast_mw,0.0275,0.0,"Solar > 0 at night (3:00 UTC) but ≤ 50.0 MW → rounding artifact, set to 0"
2021-04-21 03:00:00+00:00,solar_forecast_mw,0.2425,0.0,"Solar > 0 at night (3:00 UTC) but ≤ 50.0 MW → rounding artifact, set to 0"
2021-04-22 03:00:00+00:00,solar_forecast_mw,0.5775,0.0,"Solar > 0 at night (3:00 UTC) but ≤ 50.0 MW → rounding artifact, set to 0"
2021-04-23 03:00:00+00:00,solar_forecast_mw,1.0475,0.0,"Solar > 0 at night (3:00 UTC) but ≤ 50.0 MW → rounding artifact, set to 0"
2021-04-24 03:00:00+00:00,solar_forecast_mw,1.4925,0.0,"Solar > 0 at night (3:00 UTC) but ≤ 50.0 MW → rounding artifact, set to 0"
2021-04-25 03:00:00+00:00,solar_forecast_mw,2.705,0.0,"Solar > 0 at night (3:00 UTC) but ≤ 50.0 MW → rounding artifact, set to 0"
2021-04-26 03:00:00+00:00,solar_forecast_mw,4.8525,0.0,"Solar > 0 at night (3:00 UTC) but ≤ 50.0 MW → rounding artifact, set to 0"
2021-04-27 03:00:00+00:00,solar_forecast_mw,7.05,0.0,"Solar > 0 at night (3:00 UTC) but ≤ 50.0 MW → rounding artifact, set to 0"
2021-04-28 03:00:00+00:00,solar_forecast_mw,8.005,0.0,"Solar > 0 at night (3:00 UTC) but ≤ 50.0 MW → rounding artifact, set to 0"
2021-04-29 03:00:00+00:00,solar_forecast_mw,5.2475000000000005,0.0,"Solar > 0 at night (3:00 UTC) but ≤ 50.0 MW → rounding artifact, set to 0"
2021-04-30 03:00:00+00:00,solar_forecast_mw,8.924999999999999,0.0,"Solar > 0 at night (3:00 UTC) but ≤ 50.0 MW → rounding artifact, set to 0"
2021-05-01 03:00:00+00:00,solar_forecast_mw,12.274999999999999,0.0,"Solar > 0 at night (3:00 UTC) but ≤ 50.0 MW → rounding artifact, set to 0"
2021-05-02 03:00:00+00:00,solar_forecast_mw,9.9525,0.0,"Solar > 0 at night (3:00 UTC) but ≤ 50.0 MW → rounding artifact, set to 0"
2021-05-03 03:00:00+00:00,solar_forecast_mw,20.7225,0.0,"Solar > 0 at night (3:00 UTC) but ≤ 50.0 MW → rounding artifact, set to 0"
2021-05-04 03:00:00+00:00,solar_forecast_mw,28.200000000000003,0.0,"Solar > 0 at night (3:00 UTC) but ≤ 50.0 MW → rounding artifact, set to 0"
2021-05-05 03:00:00+00:00,solar_forecast_mw,39.5125,0.0,"Solar > 0 at night (3:00 UTC) but ≤ 50.0 MW → rounding artifact, set to 0"
2021-05-06 03:00:00+00:00,solar_forecast_mw,48.667500000000004,0.0,"Solar > 0 at night (3:00 UTC) but ≤ 50.0 MW → rounding artifact, set to 0"
2021-05-07 03:00:00+00:00,solar_forecast_mw,37.050000000000004,0.0,"Solar > 0 at night (3:00 UTC) but ≤ 50.0 MW → rounding artifact, set to 0"
2021-05-22 02:00:00+00:00,solar_forecast_mw,0.01,0.0,"Solar > 0 at night (2:00 UTC) but ≤ 50.0 MW → rounding artifact, set to 0"
2021-05-23 02:00:00+00:00,solar_forecast_mw,0.03,0.0,"Solar > 0 at night (2:00 UTC) but ≤ 50.0 MW → rounding artifact, set to 0"
2021-05-24 02:00:00+00:00,solar_forecast_mw,0.075,0.0,"Solar > 0 at night (2:00 UTC) but ≤ 50.0 MW → rounding artifact, set to 0"
2021-05-25 02:00:00+00:00,solar_forecast_mw,0.035,0.0,"Solar > 0 at night (2:00 UTC) but ≤ 50.0 MW → rounding artifact, set to 0"
2021-05-26 02:00:00+00:00,solar_forecast_mw,0.1225,0.0,"Solar > 0 at night (2:00 UTC) but ≤ 50.0 MW → rounding artifact, set to 0"
2021-05-27 02:00:00+00:00,solar_forecast_mw,0.16,0.0,"Solar > 0 at night (2:00 UTC) but ≤ 50.0 MW → rounding artifact, set to 0"
2021-05-28 02:00:00+00:00,solar_forecast_mw,0.2775,0.0,"Solar > 0 at night (2:00 UTC) but ≤ 50.0 MW → rounding artifact, set to 0"
2021-05-29 02:00:00+00:00,solar_forecast_mw,0.4075,0.0,"Solar > 0 at night (2:00 UTC) but ≤ 50.0 MW → rounding artifact, set to 0"
2021-05-30 02:00:00+00:00,solar_forecast_mw,0.9175,0.0,"Solar > 0 at night (2:00 UTC) but ≤ 50.0 MW → rounding artifact, set to 0"
2021-05-31 02:00:00+00:00,solar_forecast_mw,1.23,0.0,"Solar > 0 at night (2:00 UTC) but ≤ 50.0 MW → rounding artifact, set to 0"
2021-06-01 02:00:00+00:00,solar_forecast_mw,1.1325,0.0,"Solar > 0 at night (2:00 UTC) but ≤ 50.0 MW → rounding artifact, set to 0"
2021-06-02 02:00:00+00:00,solar_forecast_mw,1.465,0.0,"Solar > 0 at night (2:00 UTC) but ≤ 50.0 MW → rounding artifact, set to 0"
2021-06-03 02:00:00+00:00,solar_forecast_mw,1.66,0.0,"Solar > 0 at night (2:00 UTC) but ≤ 50.0 MW → rounding artifact, set to 0"
2021-06-04 02:00:00+00:00,solar_forecast_mw,0.9475,0.0,"Solar > 0 at night (2:00 UTC) but ≤ 50.0 MW → rounding artifact, set to 0"
2021-06-05 02:00:00+00:00,solar_forecast_mw,2.29,0.0,"Solar > 0 at night (2:00 UTC) but ≤ 50.0 MW → rounding artifact, set to 0"
2021-06-06 02:00:00+00:00,solar_forecast_mw,2.3925,0.0,"Solar > 0 at night (2:00 UTC) but ≤ 50.0 MW → rounding artifact, set to 0"
2021-06-07 02:00:00+00:00,solar_forecast_mw,2.9699999999999998,0.0,"Solar > 0 at night (2:00 UTC) but ≤ 50.0 MW → rounding artifact, set to 0"
2021-06-08 02:00:00+00:00,solar_forecast_mw,3.2624999999999997,0.0,"Solar > 0 at night (2:00 UTC) but ≤ 50.0 MW → rounding artifact, set to 0"
2021-06-09 02:00:00+00:00,solar_forecast_mw,3.99,0.0,"Solar > 0 at night (2:00 UTC) but ≤ 50.0 MW → rounding artifact, set to 0"
2021-06-10 02:00:00+00:00,solar_forecast_mw,4.0775,0.0,"Solar > 0 at night (2:00 UTC) but ≤ 50.0 MW → rounding artifact, set to 0"
2021-06-11 02:00:00+00:00,solar_forecast_mw,4.2775,0.0,"Solar > 0 at night (2:00 UTC) but ≤ 50.0 MW → rounding artifact, set to 0"
2021-06-12 02:00:00+00:00,solar_forecast_mw,2.625,0.0,"Solar > 0 at night (2:00 UTC) but ≤ 50.0 MW → rounding artifact, set to 0"
2021-06-13 02:00:00+00:00,solar_forecast_mw,3.93,0.0,"Solar > 0 at night (2:00 UTC) but ≤ 50.0 MW → rounding artifact, set to 0"
2021-06-14 02:00:00+00:00,solar_forecast_mw,5.05,0.0,"Solar > 0 at night (2:00 UTC) but ≤ 50.0 MW → rounding artifact, set to 0"
2021-06-15 02:00:00+00:00,solar_forecast_mw,3.9250000000000003,0.0,"Solar > 0 at night (2:00 UTC) but ≤ 50.0 MW → rounding artifact, set to 0"
2021-06-16 02:00:00+00:00,solar_forecast_mw,5.3775,0.0,"Solar > 0 at night (2:00 UTC) but ≤ 50.0 MW → rounding artifact, set to 0"
2021-06-17 02:00:00+00:00,solar_forecast_mw,5.387499999999999,0.0,"Solar > 0 at night (2:00 UTC) but ≤ 50.0 MW → rounding artifact, set to 0"
2021-06-18 02:00:00+00:00,solar_forecast_mw,5.51,0.0,"Solar > 0 at night (2:00 UTC) but ≤ 50.0 MW → rounding artifact, set to 0"
2021-06-19 02:00:00+00:00,solar_forecast_mw,4.4325,0.0,"Solar > 0 at night (2:00 UTC) but ≤ 50.0 MW → rounding artifact, set to 0"
2021-06-20 02:00:00+00:00,solar_forecast_mw,4.949999999999999,0.0,"Solar > 0 at night (2:00 UTC) but ≤ 50.0 MW → rounding artifact, set to 0"
2021-06-21 02:00:00+00:00,solar_forecast_mw,2.74,0.0,"Solar > 0 at night (2:00 UTC) but ≤ 50.0 MW → rounding artifact, set to 0"
2021-06-22 02:00:00+00:00,solar_forecast_mw,3.2800000000000002,0.0,"Solar > 0 at night (2:00 UTC) but ≤ 50.0 MW → rounding artifact, set to 0"
2021-06-23 02:00:00+00:00,solar_forecast_mw,2.61,0.0,"Solar > 0 at night (2:00 UTC) but ≤ 50.0 MW → rounding artifact, set to 0"
2021-06-24 02:00:00+00:00,solar_forecast_mw,3.3925,0.0,"Solar > 0 at night (2:00 UTC) but ≤ 50.0 MW → rounding artifact, set to 0"
2021-06-25 02:00:00+00:00,solar_forecast_mw,2.13,0.0,"Solar > 0 at night (2:00 UTC) but ≤ 50.0 MW → rounding artifact, set to 0"
2021-06-26 02:00:00+00:00,solar_forecast_mw,3.3075,0.0,"Solar > 0 at night (2:00 UTC) but ≤ 50.0 MW → rounding artifact, set to 0"
2021-06-27 02:00:00+00:00,solar_forecast_mw,3.3775,0.0,"Solar > 0 at night (2:00 UTC) but ≤ 50.0 MW → rounding artifact, set to 0"
2021-06-28 02:00:00+00:00,solar_forecast_mw,3.245,0.0,"Solar > 0 at night (2:00 UTC) but ≤ 50.0 MW → rounding artifact, set to 0"
2021-06-29 02:00:00+00:00,solar_forecast_mw,2.5174999999999996,0.0,"Solar > 0 at night (2:00 UTC) but ≤ 50.0 MW → rounding artifact, set to 0"
2021-06-30 02:00:00+00:00,solar_forecast_mw,1.5775,0.0,"Solar > 0 at night (2:00 UTC) but ≤ 50.0 MW → rounding artifact, set to 0"
2021-07-01 02:00:00+00:00,solar_forecast_mw,1.0025,0.0,"Solar > 0 at night (2:00 UTC) but ≤ 50.0 MW → rounding artifact, set to 0"
2021-07-02 02:00:00+00:00,solar_forecast_mw,1.275,0.0,"Solar > 0 at night (2:00 UTC) but ≤ 50.0 MW → rounding artifact, set to 0"
2021-07-03 02:00:00+00:00,solar_forecast_mw,0.985,0.0,"Solar > 0 at night (2:00 UTC) but ≤ 50.0 MW → rounding artifact, set to 0"
2021-07-04 02:00:00+00:00,solar_forecast_mw,1.105,0.0,"Solar > 0 at night (2:00 UTC) but ≤ 50.0 MW → rounding artifact, set to 0"
2021-07-05 02:00:00+00:00,solar_forecast_mw,0.835,0.0,"Solar > 0 at night (2:00 UTC) but ≤ 50.0 MW → rounding artifact, set to 0"
2021-07-06 02:00:00+00:00,solar_forecast_mw,0.755,0.0,"Solar > 0 at night (2:00 UTC) but ≤ 50.0 MW → rounding artifact, set to 0"
2021-07-07 02:00:00+00:00,solar_forecast_mw,0.215,0.0,"Solar > 0 at night (2:00 UTC) but ≤ 50.0 MW → rounding artifact, set to 0"
2021-07-08 02:00:00+00:00,solar_forecast_mw,0.415,0.0,"Solar > 0 at night (2:00 UTC) but ≤ 50.0 MW → rounding artifact, set to 0"
2021-07-09 02:00:00+00:00,solar_forecast_mw,0.1125,0.0,"Solar > 0 at night (2:00 UTC) but ≤ 50.0 MW → rounding artifact, set to 0"
2021-07-10 02:00:00+00:00,solar_forecast_mw,0.0475,0.0,"Solar > 0 at night (2:00 UTC) but ≤ 50.0 MW → rounding artifact, set to 0"
2021-07-11 02:00:00+00:00,solar_forecast_mw,0.1125,0.0,"Solar > 0 at night (2:00 UTC) but ≤ 50.0 MW → rounding artifact, set to 0"
2021-07-12 02:00:00+00:00,solar_forecast_mw,0.065,0.0,"Solar > 0 at night (2:00 UTC) but ≤ 50.0 MW → rounding artifact, set to 0"
2021-07-13 02:00:00+00:00,solar_forecast_mw,0.035,0.0,"Solar > 0 at night (2:00 UTC) but ≤ 50.0 MW → rounding artifact, set to 0"
2021-07-14 02:00:00+00:00,solar_forecast_mw,0.0125,0.0,"Solar > 0 at night (2:00 UTC) but ≤ 50.0 MW → rounding artifact, set to 0"
2021-07-15 02:00:00+00:00,solar_forecast_mw,0.0025,0.0,"Solar > 0 at night (2:00 UTC) but ≤ 50.0 MW → rounding artifact, set to 0"
2021-08-01 03:00:00+00:00,solar_forecast_mw,48.17,0.0,"Solar > 0 at night (3:00 UTC) but ≤ 50.0 MW → rounding artifact, set to 0"
2021-08-02 03:00:00+00:00,solar_forecast_mw,35.9875,0.0,"Solar > 0 at night (3:00 UTC) but ≤ 50.0 MW → rounding artifact, set to 0"
2021-08-03 03:00:00+00:00,solar_forecast_mw,37.65,0.0,"Solar > 0 at night (3:00 UTC) but ≤ 50.0 MW → rounding artifact, set to 0"
2021-08-04 03:00:00+00:00,solar_forecast_mw,25.592499999999998,0.0,"Solar > 0 at night (3:00 UTC) but ≤ 50.0 MW → rounding artifact, set to 0"
2021-08-05 03:00:00+00:00,solar_forecast_mw,25.1725,0.0,"Solar > 0 at night (3:00 UTC) but ≤ 50.0 MW → rounding artifact, set to 0"
2021-08-06 03:00:00+00:00,solar_forecast_mw,25.68,0.0,"Solar > 0 at night (3:00 UTC) but ≤ 50.0 MW → rounding artifact, set to 0"
2021-08-07 03:00:00+00:00,solar_forecast_mw,23.035,0.0,"Solar > 0 at night (3:00 UTC) but ≤ 50.0 MW → rounding artifact, set to 0"
2021-08-08 03:00:00+00:00,solar_forecast_mw,13.227500000000001,0.0,"Solar > 0 at night (3:00 UTC) but ≤ 50.0 MW → rounding artifact, set to 0"
2021-08-09 03:00:00+00:00,solar_forecast_mw,10.7125,0.0,"Solar > 0 at night (3:00 UTC) but ≤ 50.0 MW → rounding artifact, set to 0"
2021-08-10 03:00:00+00:00,solar_forecast_mw,8.4025,0.0,"Solar > 0 at night (3:00 UTC) but ≤ 50.0 MW → rounding artifact, set to 0"
2021-08-11 03:00:00+00:00,solar_forecast_mw,6.5025,0.0,"Solar > 0 at night (3:00 UTC) but ≤ 50.0 MW → rounding artifact, set to 0"
2021-08-12 03:00:00+00:00,solar_forecast_mw,5.5675,0.0,"Solar > 0 at night (3:00 UTC) but ≤ 50.0 MW → rounding artifact, set to 0"
2021-08-13 03:00:00+00:00,solar_forecast_mw,3.31,0.0,"Solar > 0 at night (3:00 UTC) but ≤ 50.0 MW → rounding artifact, set to 0"
2021-08-14 03:00:00+00:00,solar_forecast_mw,2.4175,0.0,"Solar > 0 at night (3:00 UTC) but ≤ 50.0 MW → rounding artifact, set to 0"
2021-08-15 03:00:00+00:00,solar_forecast_mw,1.44,0.0,"Solar > 0 at night (3:00 UTC) but ≤ 50.0 MW → rounding artifact, set to 0"
2021-08-16 03:00:00+00:00,solar_forecast_mw,0.895,0.0,"Solar > 0 at night (3:00 UTC) but ≤ 50.0 MW → rounding artifact, set to 0"
2021-08-17 03:00:00+00:00,solar_forecast_mw,0.3175,0.0,"Solar > 0 at night (3:00 UTC) but ≤ 50.0 MW → rounding artifact, set to 0"
2021-08-18 03:00:00+00:00,solar_forecast_mw,0.175,0.0,"Solar > 0 at night (3:00 UTC) but ≤ 50.0 MW → rounding artifact, set to 0"
2021-08-19 03:00:00+00:00,solar_forecast_mw,0.0375,0.0,"Solar > 0 at night (3:00 UTC) but ≤ 50.0 MW → rounding artifact, set to 0"
2021-08-20 03:00:00+00:00,solar_forecast_mw,0.0125,0.0,"Solar > 0 at night (3:00 UTC) but ≤ 50.0 MW → rounding artifact, set to 0"
2021-09-11 04:00:00+00:00,solar_forecast_mw,31.027499999999996,0.0,"Solar > 0 at night (4:00 UTC) but ≤ 50.0 MW → rounding artifact, set to 0"
2021-09-12 04:00:00+00:00,solar_forecast_mw,36.7625,0.0,"Solar > 0 at night (4:00 UTC) but ≤ 50.0 MW → rounding artifact, set to 0"
2021-09-13 04:00:00+00:00,solar_forecast_mw,32.4325,0.0,"Solar > 0 at night (4:00 UTC) but ≤ 50.0 MW → rounding artifact, set to 0"
2021-09-14 04:00:00+00:00,solar_forecast_mw,36.9725,0.0,"Solar > 0 at night (4:00 UTC) but ≤ 50.0 MW → rounding artifact, set to 0"
2021-09-15 04:00:00+00:00,solar_forecast_mw,12.505,0.0,"Solar > 0 at night (4:00 UTC) but ≤ 50.0 MW → rounding artifact, set to 0"
2021-09-16 04:00:00+00:00,solar_forecast_mw,5.9675,0.0,"Solar > 0 at night (4:00 UTC) but ≤ 50.0 MW → rounding artifact, set to 0"
2021-09-17 04:00:00+00:00,solar_forecast_mw,4.5875,0.0,"Solar > 0 at night (4:00 UTC) but ≤ 50.0 MW → rounding artifact, set to 0"
2021-09-18 04:00:00+00:00,solar_forecast_mw,3.565,0.0,"Solar > 0 at night (4:00 UTC) but ≤ 50.0 MW → rounding artifact, set to 0"
2021-09-19 04:00:00+00:00,solar_forecast_mw,3.7725,0.0,"Solar > 0 at night (4:00 UTC) but ≤ 50.0 MW → rounding artifact, set to 0"
2021-09-20 04:00:00+00:00,solar_forecast_mw,2.24,0.0,"Solar > 0 at night (4:00 UTC) but ≤ 50.0 MW → rounding artifact, set to 0"
2021-09-21 04:00:00+00:00,solar_forecast_mw,1.375,0.0,"Solar > 0 at night (4:00 UTC) but ≤ 50.0 MW → rounding artifact, set to 0"
2021-09-22 04:00:00+00:00,solar_forecast_mw,0.6525,0.0,"Solar > 0 at night (4:00 UTC) but ≤ 50.0 MW → rounding artifact, set to 0"
2021-09-23 04:00:00+00:00,solar_forecast_mw,0.575,0.0,"Solar > 0 at night (4:00 UTC) but ≤ 50.0 MW → rounding artifact, set to 0"
2021-09-24 04:00:00+00:00,solar_forecast_mw,0.1125,0.0,"Solar > 0 at night (4:00 UTC) but ≤ 50.0 MW → rounding artifact, set to 0"
2021-09-25 04:00:00+00:00,solar_forecast_mw,0.035,0.0,"Solar > 0 at night (4:00 UTC) but ≤ 50.0 MW → rounding artifact, set to 0"
2021-09-26 04:00:00+00:00,solar_forecast_mw,0.0075,0.0,"Solar > 0 at night (4:00 UTC) but ≤ 50.0 MW → rounding artifact, set to 0"
2022-03-27 04:00:00+00:00,solar_forecast_mw,0.1175,0.0,"Solar > 0 at night (4:00 UTC) but ≤ 50.0 MW → rounding artifact, set to 0"
2022-03-28 04:00:00+00:00,solar_forecast_mw,0.0725,0.0,"Solar > 0 at night (4:00 UTC) but ≤ 50.0 MW → rounding artifact, set to 0"
2022-03-29 04:00:00+00:00,solar_forecast_mw,0.735,0.0,"Solar > 0 at night (4:00 UTC) but ≤ 50.0 MW → rounding artifact, set to 0"
2022-03-30 04:00:00+00:00,solar_forecast_mw,0.655,0.0,"Solar > 0 at night (4:00 UTC) but ≤ 50.0 MW → rounding artifact, set to 0"
2022-03-31 04:00:00+00:00,solar_forecast_mw,1.1275,0.0,"Solar > 0 at night (4:00 UTC) but ≤ 50.0 MW → rounding artifact, set to 0"
2022-04-01 04:00:00+00:00,solar_forecast_mw,6.0525,0.0,"Solar > 0 at night (4:00 UTC) but ≤ 50.0 MW → rounding artifact, set to 0"
2022-04-02 04:00:00+00:00,solar_forecast_mw,9.0725,0.0,"Solar > 0 at night (4:00 UTC) but ≤ 50.0 MW → rounding artifact, set to 0"
2022-04-03 04:00:00+00:00,solar_forecast_mw,18.42,0.0,"Solar > 0 at night (4:00 UTC) but ≤ 50.0 MW → rounding artifact, set to 0"
2022-04-04 04:00:00+00:00,solar_forecast_mw,15.979999999999999,0.0,"Solar > 0 at night (4:00 UTC) but ≤ 50.0 MW → rounding artifact, set to 0"
2022-04-05 04:00:00+00:00,solar_forecast_mw,13.7775,0.0,"Solar > 0 at night (4:00 UTC) but ≤ 50.0 MW → rounding artifact, set to 0"
2022-04-06 04:00:00+00:00,solar_forecast_mw,20.9875,0.0,"Solar > 0 at night (4:00 UTC) but ≤ 50.0 MW → rounding artifact, set to 0"
2022-04-07 04:00:00+00:00,solar_forecast_mw,42.0125,0.0,"Solar > 0 at night (4:00 UTC) but ≤ 50.0 MW → rounding artifact, set to 0"
2022-04-22 03:00:00+00:00,solar_forecast_mw,0.6475,0.0,"Solar > 0 at night (3:00 UTC) but ≤ 50.0 MW → rounding artifact, set to 0"
2022-04-23 03:00:00+00:00,solar_forecast_mw,0.0625,0.0,"Solar > 0 at night (3:00 UTC) but ≤ 50.0 MW → rounding artifact, set to 0"
2022-04-24 03:00:00+00:00,solar_forecast_mw,0.4525,0.0,"Solar > 0 at night (3:00 UTC) but ≤ 50.0 MW → rounding artifact, set to 0"
2022-04-25 03:00:00+00:00,solar_forecast_mw,3.4375,0.0,"Solar > 0 at night (3:00 UTC) but ≤ 50.0 MW → rounding artifact, set to 0"
2022-04-26 03:00:00+00:00,solar_forecast_mw,0.5175,0.0,"Solar > 0 at night (3:00 UTC) but ≤ 50.0 MW → rounding artifact, set to 0"
2022-04-27 03:00:00+00:00,solar_forecast_mw,1.2075,0.0,"Solar > 0 at night (3:00 UTC) but ≤ 50.0 MW → rounding artifact, set to 0"
2022-04-28 03:00:00+00:00,solar_forecast_mw,12.005,0.0,"Solar > 0 at night (3:00 UTC) but ≤ 50.0 MW → rounding artifact, set to 0"
2022-04-29 03:00:00+00:00,solar_forecast_mw,13.45,0.0,"Solar > 0 at night (3:00 UTC) but ≤ 50.0 MW → rounding artifact, set to 0"
2022-04-30 03:00:00+00:00,solar_forecast_mw,12.3125,0.0,"Solar > 0 at night (3:00 UTC) but ≤ 50.0 MW → rounding artifact, set to 0"
2022-05-01 03:00:00+00:00,solar_forecast_mw,11.825,0.0,"Solar > 0 at night (3:00 UTC) but ≤ 50.0 MW → rounding artifact, set to 0"
2022-05-02 03:00:00+00:00,solar_forecast_mw,12.0475,0.0,"Solar > 0 at night (3:00 UTC) but ≤ 50.0 MW → rounding artifact, set to 0"
2022-05-03 03:00:00+00:00,solar_forecast_mw,15.334999999999999,0.0,"Solar > 0 at night (3:00 UTC) but ≤ 50.0 MW → rounding artifact, set to 0"
2022-05-04 03:00:00+00:00,solar_forecast_mw,18.3175,0.0,"Solar > 0 at night (3:00 UTC) but ≤ 50.0 MW → rounding artifact, set to 0"
2022-05-05 03:00:00+00:00,solar_forecast_mw,16.2975,0.0,"Solar > 0 at night (3:00 UTC) but ≤ 50.0 MW → rounding artifact, set to 0"
2022-05-06 03:00:00+00:00,solar_forecast_mw,35.004999999999995,0.0,"Solar > 0 at night (3:00 UTC) but ≤ 50.0 MW → rounding artifact, set to 0"
2022-05-07 03:00:00+00:00,solar_forecast_mw,45.4375,0.0,"Solar > 0 at night (3:00 UTC) but ≤ 50.0 MW → rounding artifact, set to 0"
2022-05-27 02:00:00+00:00,solar_forecast_mw,0.0025,0.0,"Solar > 0 at night (2:00 UTC) but ≤ 50.0 MW → rounding artifact, set to 0"
2022-05-28 02:00:00+00:00,solar_forecast_mw,0.005,0.0,"Solar > 0 at night (2:00 UTC) but ≤ 50.0 MW → rounding artifact, set to 0"
2022-05-29 02:00:00+00:00,solar_forecast_mw,0.01,0.0,"Solar > 0 at night (2:00 UTC) but ≤ 50.0 MW → rounding artifact, set to 0"
2022-05-30 02:00:00+00:00,solar_forecast_mw,0.02,0.0,"Solar > 0 at night (2:00 UTC) but ≤ 50.0 MW → rounding artifact, set to 0"
2022-05-31 02:00:00+00:00,solar_forecast_mw,0.035,0.0,"Solar > 0 at night (2:00 UTC) but ≤ 50.0 MW → rounding artifact, set to 0"
2022-06-01 02:00:00+00:00,solar_forecast_mw,0.03,0.0,"Solar > 0 at night (2:00 UTC) but ≤ 50.0 MW → rounding artifact, set to 0"
2022-06-02 02:00:00+00:00,solar_forecast_mw,0.055,0.0,"Solar > 0 at night (2:00 UTC) but ≤ 50.0 MW → rounding artifact, set to 0"
2022-06-03 02:00:00+00:00,solar_forecast_mw,0.0825,0.0,"Solar > 0 at night (2:00 UTC) but ≤ 50.0 MW → rounding artifact, set to 0"
2022-06-04 02:00:00+00:00,solar_forecast_mw,0.0875,0.0,"Solar > 0 at night (2:00 UTC) but ≤ 50.0 MW → rounding artifact, set to 0"
2022-06-05 02:00:00+00:00,solar_forecast_mw,0.25,0.0,"Solar > 0 at night (2:00 UTC) but ≤ 50.0 MW → rounding artifact, set to 0"
2022-06-06 02:00:00+00:00,solar_forecast_mw,0.09,0.0,"Solar > 0 at night (2:00 UTC) but ≤ 50.0 MW → rounding artifact, set to 0"
2022-06-07 02:00:00+00:00,solar_forecast_mw,0.2425,0.0,"Solar > 0 at night (2:00 UTC) but ≤ 50.0 MW → rounding artifact, set to 0"
2022-06-08 02:00:00+00:00,solar_forecast_mw,0.2425,0.0,"Solar > 0 at night (2:00 UTC) but ≤ 50.0 MW → rounding artifact, set to 0"
2022-06-09 02:00:00+00:00,solar_forecast_mw,0.2375,0.0,"Solar > 0 at night (2:00 UTC) but ≤ 50.0 MW → rounding artifact, set to 0"
2022-06-10 02:00:00+00:00,solar_forecast_mw,0.3075,0.0,"Solar > 0 at night (2:00 UTC) but ≤ 50.0 MW → rounding artifact, set to 0"
2022-06-11 02:00:00+00:00,solar_forecast_mw,0.225,0.0,"Solar > 0 at night (2:00 UTC) but ≤ 50.0 MW → rounding artifact, set to 0"
2022-06-12 02:00:00+00:00,solar_forecast_mw,0.2275,0.0,"Solar > 0 at night (2:00 UTC) but ≤ 50.0 MW → rounding artifact, set to 0"
2022-06-13 02:00:00+00:00,solar_forecast_mw,0.22,0.0,"Solar > 0 at night (2:00 UTC) but ≤ 50.0 MW → rounding artifact, set to 0"
2022-06-14 02:00:00+00:00,solar_forecast_mw,0.3125,0.0,"Solar > 0 at night (2:00 UTC) but ≤ 50.0 MW → rounding artifact, set to 0"
2022-06-15 02:00:00+00:00,solar_forecast_mw,0.325,0.0,"Solar > 0 at night (2:00 UTC) but ≤ 50.0 MW → rounding artifact, set to 0"
2022-06-16 02:00:00+00:00,solar_forecast_mw,0.265,0.0,"Solar > 0 at night (2:00 UTC) but ≤ 50.0 MW → rounding artifact, set to 0"
2022-06-17 02:00:00+00:00,solar_forecast_mw,0.4,0.0,"Solar > 0 at night (2:00 UTC) but ≤ 50.0 MW → rounding artifact, set to 0"
2022-06-18 02:00:00+00:00,solar_forecast_mw,0.33,0.0,"Solar > 0 at night (2:00 UTC) but ≤ 50.0 MW → rounding artifact, set to 0"
2022-06-19 02:00:00+00:00,solar_forecast_mw,0.2825,0.0,"Solar > 0 at night (2:00 UTC) but ≤ 50.0 MW → rounding artifact, set to 0"
2022-06-20 02:00:00+00:00,solar_forecast_mw,0.275,0.0,"Solar > 0 at night (2:00 UTC) but ≤ 50.0 MW → rounding artifact, set to 0"
2022-06-21 02:00:00+00:00,solar_forecast_mw,0.2925,0.0,"Solar > 0 at night (2:00 UTC) but ≤ 50.0 MW → rounding artifact, set to 0"
2022-06-22 02:00:00+00:00,solar_forecast_mw,0.275,0.0,"Solar > 0 at night (2:00 UTC) but ≤ 50.0 MW → rounding artifact, set to 0"
2022-06-23 02:00:00+00:00,solar_forecast_mw,0.3075,0.0,"Solar > 0 at night (2:00 UTC) but ≤ 50.0 MW → rounding artifact, set to 0"
2022-06-24 02:00:00+00:00,solar_forecast_mw,0.265,0.0,"Solar > 0 at night (2:00 UTC) but ≤ 50.0 MW → rounding artifact, set to 0"
2022-06-25 02:00:00+00:00,solar_forecast_mw,0.1275,0.0,"Solar > 0 at night (2:00 UTC) but ≤ 50.0 MW → rounding artifact, set to 0"
2022-06-26 02:00:00+00:00,solar_forecast_mw,0.18,0.0,"Solar > 0 at night (2:00 UTC) but ≤ 50.0 MW → rounding artifact, set to 0"
2022-06-27 02:00:00+00:00,solar_forecast_mw,0.28,0.0,"Solar > 0 at night (2:00 UTC) but ≤ 50.0 MW → rounding artifact, set to 0"
2022-06-28 02:00:00+00:00,solar_forecast_mw,0.11,0.0,"Solar > 0 at night (2:00 UTC) but ≤ 50.0 MW → rounding artifact, set to 0"
2022-06-29 02:00:00+00:00,solar_forecast_mw,0.13,0.0,"Solar > 0 at night (2:00 UTC) but ≤ 50.0 MW → rounding artifact, set to 0"
2022-06-30 02:00:00+00:00,solar_forecast_mw,0.0825,0.0,"Solar > 0 at night (2:00 UTC) but ≤ 50.0 MW → rounding artifact, set to 0"
2022-07-01 02:00:00+00:00,solar_forecast_mw,0.0775,0.0,"Solar > 0 at night (2:00 UTC) but ≤ 50.0 MW → rounding artifact, set to 0"
2022-07-02 02:00:00+00:00,solar_forecast_mw,0.075,0.0,"Solar > 0 at night (2:00 UTC) but ≤ 50.0 MW → rounding artifact, set to 0"
2022-07-03 02:00:00+00:00,solar_forecast_mw,0.055,0.0,"Solar > 0 at night (2:00 UTC) but ≤ 50.0 MW → rounding artifact, set to 0"
2022-07-04 02:00:00+00:00,solar_forecast_mw,0.0375,0.0,"Solar > 0 at night (2:00 UTC) but ≤ 50.0 MW → rounding artifact, set to 0"
2022-07-05 02:00:00+00:00,solar_forecast_mw,0.0325,0.0,"Solar > 0 at night (2:00 UTC) but ≤ 50.0 MW → rounding artifact, set to 0"
2022-07-06 02:00:00+00:00,solar_forecast_mw,0.0225,0.0,"Solar > 0 at night (2:00 UTC) but ≤ 50.0 MW → rounding artifact, set to 0"
2022-07-07 02:00:00+00:00,solar_forecast_mw,0.0125,0.0,"Solar > 0 at night (2:00 UTC) but ≤ 50.0 MW → rounding artifact, set to 0"
2022-07-08 02:00:00+00:00,solar_forecast_mw,0.0075,0.0,"Solar > 0 at night (2:00 UTC) but ≤ 50.0 MW → rounding artifact, set to 0"
2022-07-09 02:00:00+00:00,solar_forecast_mw,0.0025,0.0,"Solar > 0 at night (2:00 UTC) but ≤ 50.0 MW → rounding artifact, set to 0"
2022-08-01 03:00:00+00:00,solar_forecast_mw,25.8275,0.0,"Solar > 0 at night (3:00 UTC) but ≤ 50.0 MW → rounding artifact, set to 0"
2022-08-02 03:00:00+00:00,solar_forecast_mw,25.1075,0.0,"Solar > 0 at night (3:00 UTC) but ≤ 50.0 MW → rounding artifact, set to 0"
2022-08-03 03:00:00+00:00,solar_forecast_mw,17.065,0.0,"Solar > 0 at night (3:00 UTC) but ≤ 50.0 MW → rounding artifact, set to 0"
2022-08-04 03:00:00+00:00,solar_forecast_mw,18.8125,0.0,"Solar > 0 at night (3:00 UTC) but ≤ 50.0 MW → rounding artifact, set to 0"
2022-08-05 03:00:00+00:00,solar_forecast_mw,15.285,0.0,"Solar > 0 at night (3:00 UTC) but ≤ 50.0 MW → rounding artifact, set to 0"
2022-08-06 03:00:00+00:00,solar_forecast_mw,13.427499999999998,0.0,"Solar > 0 at night (3:00 UTC) but ≤ 50.0 MW → rounding artifact, set to 0"
2022-08-07 03:00:00+00:00,solar_forecast_mw,14.3575,0.0,"Solar > 0 at night (3:00 UTC) but ≤ 50.0 MW → rounding artifact, set to 0"
2022-08-08 03:00:00+00:00,solar_forecast_mw,13.52,0.0,"Solar > 0 at night (3:00 UTC) but ≤ 50.0 MW → rounding artifact, set to 0"
2022-08-09 03:00:00+00:00,solar_forecast_mw,14.4025,0.0,"Solar > 0 at night (3:00 UTC) but ≤ 50.0 MW → rounding artifact, set to 0"
2022-08-10 03:00:00+00:00,solar_forecast_mw,14.1575,0.0,"Solar > 0 at night (3:00 UTC) but ≤ 50.0 MW → rounding artifact, set to 0"
2022-08-11 03:00:00+00:00,solar_forecast_mw,0.5675,0.0,"Solar > 0 at night (3:00 UTC) but ≤ 50.0 MW → rounding artifact, set to 0"
2022-08-12 03:00:00+00:00,solar_forecast_mw,0.3825,0.0,"Solar > 0 at night (3:00 UTC) but ≤ 50.0 MW → rounding artifact, set to 0"
2022-08-13 03:00:00+00:00,solar_forecast_mw,0.6175,0.0,"Solar > 0 at night (3:00 UTC) but ≤ 50.0 MW → rounding artifact, set to 0"
2022-08-14 03:00:00+00:00,solar_forecast_mw,1.075,0.0,"Solar > 0 at night (3:00 UTC) but ≤ 50.0 MW → rounding artifact, set to 0"
2022-08-15 03:00:00+00:00,solar_forecast_mw,0.4475,0.0,"Solar > 0 at night (3:00 UTC) but ≤ 50.0 MW → rounding artifact, set to 0"
2022-08-16 03:00:00+00:00,solar_forecast_mw,0.325,0.0,"Solar > 0 at night (3:00 UTC) but ≤ 50.0 MW → rounding artifact, set to 0"
2022-08-17 03:00:00+00:00,solar_forecast_mw,0.3125,0.0,"Solar > 0 at night (3:00 UTC) but ≤ 50.0 MW → rounding artifact, set to 0"
2022-08-18 03:00:00+00:00,solar_forecast_mw,1.12,0.0,"Solar > 0 at night (3:00 UTC) but ≤ 50.0 MW → rounding artifact, set to 0"
2022-08-19 03:00:00+00:00,solar_forecast_mw,1.4900000000000002,0.0,"Solar > 0 at night (3:00 UTC) but ≤ 50.0 MW → rounding artifact, set to 0"
2022-09-08 04:00:00+00:00,solar_forecast_mw,46.925000000000004,0.0,"Solar > 0 at night (4:00 UTC) but ≤ 50.0 MW → rounding artifact, set to 0"
2022-09-09 04:00:00+00:00,solar_forecast_mw,36.087500000000006,0.0,"Solar > 0 at night (4:00 UTC) but ≤ 50.0 MW → rounding artifact, set to 0"
2022-09-10 04:00:00+00:00,solar_forecast_mw,39.0875,0.0,"Solar > 0 at night (4:00 UTC) but ≤ 50.0 MW → rounding artifact, set to 0"
2022-09-11 04:00:00+00:00,solar_forecast_mw,24.115,0.0,"Solar > 0 at night (4:00 UTC) but ≤ 50.0 MW → rounding artifact, set to 0"
2022-09-12 04:00:00+00:00,solar_forecast_mw,28.352500000000003,0.0,"Solar > 0 at night (4:00 UTC) but ≤ 50.0 MW → rounding artifact, set to 0"
2022-09-13 04:00:00+00:00,solar_forecast_mw,21.817500000000003,0.0,"Solar > 0 at night (4:00 UTC) but ≤ 50.0 MW → rounding artifact, set to 0"
2022-09-14 04:00:00+00:00,solar_forecast_mw,18.2525,0.0,"Solar > 0 at night (4:00 UTC) but ≤ 50.0 MW → rounding artifact, set to 0"
2022-09-15 04:00:00+00:00,solar_forecast_mw,21.0925,0.0,"Solar > 0 at night (4:00 UTC) but ≤ 50.0 MW → rounding artifact, set to 0"
2022-09-16 04:00:00+00:00,solar_forecast_mw,17.535,0.0,"Solar > 0 at night (4:00 UTC) but ≤ 50.0 MW → rounding artifact, set to 0"
2022-09-17 04:00:00+00:00,solar_forecast_mw,5.875,0.0,"Solar > 0 at night (4:00 UTC) but ≤ 50.0 MW → rounding artifact, set to 0"
2022-09-18 04:00:00+00:00,solar_forecast_mw,4.205,0.0,"Solar > 0 at night (4:00 UTC) but ≤ 50.0 MW → rounding artifact, set to 0"
2022-09-19 04:00:00+00:00,solar_forecast_mw,3.9124999999999996,0.0,"Solar > 0 at night (4:00 UTC) but ≤ 50.0 MW → rounding artifact, set to 0"
2022-09-20 04:00:00+00:00,solar_forecast_mw,1.36,0.0,"Solar > 0 at night (4:00 UTC) but ≤ 50.0 MW → rounding artifact, set to 0"
2022-09-21 04:00:00+00:00,solar_forecast_mw,0.8225,0.0,"Solar > 0 at night (4:00 UTC) but ≤ 50.0 MW → rounding artifact, set to 0"
2022-09-22 04:00:00+00:00,solar_forecast_mw,0.8475,0.0,"Solar > 0 at night (4:00 UTC) but ≤ 50.0 MW → rounding artifact, set to 0"
2022-09-23 04:00:00+00:00,solar_forecast_mw,0.945,0.0,"Solar > 0 at night (4:00 UTC) but ≤ 50.0 MW → rounding artifact, set to 0"
2022-09-24 04:00:00+00:00,solar_forecast_mw,1.765,0.0,"Solar > 0 at night (4:00 UTC) but ≤ 50.0 MW → rounding artifact, set to 0"
2023-03-27 04:00:00+00:00,solar_forecast_mw,1.805,0.0,"Solar > 0 at night (4:00 UTC) but ≤ 50.0 MW → rounding artifact, set to 0"
2023-03-28 04:00:00+00:00,solar_forecast_mw,1.545,0.0,"Solar > 0 at night (4:00 UTC) but ≤ 50.0 MW → rounding artifact, set to 0"
2023-03-29 04:00:00+00:00,solar_forecast_mw,5.605,0.0,"Solar > 0 at night (4:00 UTC) but ≤ 50.0 MW → rounding artifact, set to 0"
2023-03-30 04:00:00+00:00,solar_forecast_mw,8.095,0.0,"Solar > 0 at night (4:00 UTC) but ≤ 50.0 MW → rounding artifact, set to 0"
2023-03-31 04:00:00+00:00,solar_forecast_mw,11.84,0.0,"Solar > 0 at night (4:00 UTC) but ≤ 50.0 MW → rounding artifact, set to 0"
2023-04-01 04:00:00+00:00,solar_forecast_mw,19.522499999999997,0.0,"Solar > 0 at night (4:00 UTC) but ≤ 50.0 MW → rounding artifact, set to 0"
2023-04-02 04:00:00+00:00,solar_forecast_mw,6.905,0.0,"Solar > 0 at night (4:00 UTC) but ≤ 50.0 MW → rounding artifact, set to 0"
2023-04-03 04:00:00+00:00,solar_forecast_mw,11.2825,0.0,"Solar > 0 at night (4:00 UTC) but ≤ 50.0 MW → rounding artifact, set to 0"
2023-04-04 04:00:00+00:00,solar_forecast_mw,16.13,0.0,"Solar > 0 at night (4:00 UTC) but ≤ 50.0 MW → rounding artifact, set to 0"
2023-04-05 04:00:00+00:00,solar_forecast_mw,22.7875,0.0,"Solar > 0 at night (4:00 UTC) but ≤ 50.0 MW → rounding artifact, set to 0"
2023-04-06 04:00:00+00:00,solar_forecast_mw,30.767500000000002,0.0,"Solar > 0 at night (4:00 UTC) but ≤ 50.0 MW → rounding artifact, set to 0"
2023-04-07 04:00:00+00:00,solar_forecast_mw,45.599999999999994,0.0,"Solar > 0 at night (4:00 UTC) but ≤ 50.0 MW → rounding artifact, set to 0"
2023-04-08 04:00:00+00:00,solar_forecast_mw,30.9825,0.0,"Solar > 0 at night (4:00 UTC) but ≤ 50.0 MW → rounding artifact, set to 0"
2023-04-09 04:00:00+00:00,solar_forecast_mw,49.8475,0.0,"Solar > 0 at night (4:00 UTC) but ≤ 50.0 MW → rounding artifact, set to 0"
2023-04-22 03:00:00+00:00,solar_forecast_mw,0.3025,0.0,"Solar > 0 at night (3:00 UTC) but ≤ 50.0 MW → rounding artifact, set to 0"
2023-04-23 03:00:00+00:00,solar_forecast_mw,5.5024999999999995,0.0,"Solar > 0 at night (3:00 UTC) but ≤ 50.0 MW → rounding artifact, set to 0"
2023-04-24 03:00:00+00:00,solar_forecast_mw,7.845,0.0,"Solar > 0 at night (3:00 UTC) but ≤ 50.0 MW → rounding artifact, set to 0"
2023-04-25 03:00:00+00:00,solar_forecast_mw,11.705,0.0,"Solar > 0 at night (3:00 UTC) but ≤ 50.0 MW → rounding artifact, set to 0"
2023-04-26 03:00:00+00:00,solar_forecast_mw,6.0,0.0,"Solar > 0 at night (3:00 UTC) but ≤ 50.0 MW → rounding artifact, set to 0"
2023-04-27 03:00:00+00:00,solar_forecast_mw,3.4375,0.0,"Solar > 0 at night (3:00 UTC) but ≤ 50.0 MW → rounding artifact, set to 0"
2023-04-28 03:00:00+00:00,solar_forecast_mw,11.7375,0.0,"Solar > 0 at night (3:00 UTC) but ≤ 50.0 MW → rounding artifact, set to 0"
2023-04-29 03:00:00+00:00,solar_forecast_mw,12.497499999999999,0.0,"Solar > 0 at night (3:00 UTC) but ≤ 50.0 MW → rounding artifact, set to 0"
2023-04-30 03:00:00+00:00,solar_forecast_mw,6.51,0.0,"Solar > 0 at night (3:00 UTC) but ≤ 50.0 MW → rounding artifact, set to 0"
2023-05-01 03:00:00+00:00,solar_forecast_mw,11.945,0.0,"Solar > 0 at night (3:00 UTC) but ≤ 50.0 MW → rounding artifact, set to 0"
2023-05-02 03:00:00+00:00,solar_forecast_mw,12.4,0.0,"Solar > 0 at night (3:00 UTC) but ≤ 50.0 MW → rounding artifact, set to 0"
2023-05-03 03:00:00+00:00,solar_forecast_mw,11.69,0.0,"Solar > 0 at night (3:00 UTC) but ≤ 50.0 MW → rounding artifact, set to 0"
2023-05-04 03:00:00+00:00,solar_forecast_mw,29.0975,0.0,"Solar > 0 at night (3:00 UTC) but ≤ 50.0 MW → rounding artifact, set to 0"
2023-05-05 03:00:00+00:00,solar_forecast_mw,20.2075,0.0,"Solar > 0 at night (3:00 UTC) but ≤ 50.0 MW → rounding artifact, set to 0"
2023-05-06 03:00:00+00:00,solar_forecast_mw,22.299999999999997,0.0,"Solar > 0 at night (3:00 UTC) but ≤ 50.0 MW → rounding artifact, set to 0"
2023-05-07 03:00:00+00:00,solar_forecast_mw,32.3825,0.0,"Solar > 0 at night (3:00 UTC) but ≤ 50.0 MW → rounding artifact, set to 0"
2023-05-08 03:00:00+00:00,solar_forecast_mw,45.635000000000005,0.0,"Solar > 0 at night (3:00 UTC) but ≤ 50.0 MW → rounding artifact, set to 0"
2023-05-09 03:00:00+00:00,solar_forecast_mw,45.989999999999995,0.0,"Solar > 0 at night (3:00 UTC) but ≤ 50.0 MW → rounding artifact, set to 0"
2023-05-27 02:00:00+00:00,solar_forecast_mw,0.005,0.0,"Solar > 0 at night (2:00 UTC) but ≤ 50.0 MW → rounding artifact, set to 0"
2023-05-28 02:00:00+00:00,solar_forecast_mw,0.01,0.0,"Solar > 0 at night (2:00 UTC) but ≤ 50.0 MW → rounding artifact, set to 0"
2023-05-29 02:00:00+00:00,solar_forecast_mw,0.02,0.0,"Solar > 0 at night (2:00 UTC) but ≤ 50.0 MW → rounding artifact, set to 0"
2023-05-30 02:00:00+00:00,solar_forecast_mw,0.05,0.0,"Solar > 0 at night (2:00 UTC) but ≤ 50.0 MW → rounding artifact, set to 0"
2023-05-31 02:00:00+00:00,solar_forecast_mw,0.09,0.0,"Solar > 0 at night (2:00 UTC) but ≤ 50.0 MW → rounding artifact, set to 0"
2023-06-01 02:00:00+00:00,solar_forecast_mw,0.0875,0.0,"Solar > 0 at night (2:00 UTC) but ≤ 50.0 MW → rounding artifact, set to 0"
2023-06-02 02:00:00+00:00,solar_forecast_mw,0.0925,0.0,"Solar > 0 at night (2:00 UTC) but ≤ 50.0 MW → rounding artifact, set to 0"
2023-06-03 02:00:00+00:00,solar_forecast_mw,0.1875,0.0,"Solar > 0 at night (2:00 UTC) but ≤ 50.0 MW → rounding artifact, set to 0"
2023-06-04 02:00:00+00:00,solar_forecast_mw,0.27,0.0,"Solar > 0 at night (2:00 UTC) but ≤ 50.0 MW → rounding artifact, set to 0"
2023-06-05 02:00:00+00:00,solar_forecast_mw,0.2575,0.0,"Solar > 0 at night (2:00 UTC) but ≤ 50.0 MW → rounding artifact, set to 0"
2023-06-06 02:00:00+00:00,solar_forecast_mw,0.3025,0.0,"Solar > 0 at night (2:00 UTC) but ≤ 50.0 MW → rounding artifact, set to 0"
2023-06-07 02:00:00+00:00,solar_forecast_mw,0.4075,0.0,"Solar > 0 at night (2:00 UTC) but ≤ 50.0 MW → rounding artifact, set to 0"
2023-06-08 02:00:00+00:00,solar_forecast_mw,0.675,0.0,"Solar > 0 at night (2:00 UTC) but ≤ 50.0 MW → rounding artifact, set to 0"
2023-06-09 02:00:00+00:00,solar_forecast_mw,1.14,0.0,"Solar > 0 at night (2:00 UTC) but ≤ 50.0 MW → rounding artifact, set to 0"
2023-06-10 02:00:00+00:00,solar_forecast_mw,1.63,0.0,"Solar > 0 at night (2:00 UTC) but ≤ 50.0 MW → rounding artifact, set to 0"
2023-06-11 02:00:00+00:00,solar_forecast_mw,1.725,0.0,"Solar > 0 at night (2:00 UTC) but ≤ 50.0 MW → rounding artifact, set to 0"
2023-06-12 02:00:00+00:00,solar_forecast_mw,1.1375,0.0,"Solar > 0 at night (2:00 UTC) but ≤ 50.0 MW → rounding artifact, set to 0"
2023-06-13 02:00:00+00:00,solar_forecast_mw,1.2575,0.0,"Solar > 0 at night (2:00 UTC) but ≤ 50.0 MW → rounding artifact, set to 0"
2023-06-14 02:00:00+00:00,solar_forecast_mw,1.8425,0.0,"Solar > 0 at night (2:00 UTC) but ≤ 50.0 MW → rounding artifact, set to 0"
2023-06-15 02:00:00+00:00,solar_forecast_mw,1.29,0.0,"Solar > 0 at night (2:00 UTC) but ≤ 50.0 MW → rounding artifact, set to 0"
2023-06-16 02:00:00+00:00,solar_forecast_mw,1.095,0.0,"Solar > 0 at night (2:00 UTC) but ≤ 50.0 MW → rounding artifact, set to 0"
2023-06-17 02:00:00+00:00,solar_forecast_mw,1.1675,0.0,"Solar > 0 at night (2:00 UTC) but ≤ 50.0 MW → rounding artifact, set to 0"
2023-06-18 02:00:00+00:00,solar_forecast_mw,1.27,0.0,"Solar > 0 at night (2:00 UTC) but ≤ 50.0 MW → rounding artifact, set to 0"
2023-06-19 02:00:00+00:00,solar_forecast_mw,0.9675,0.0,"Solar > 0 at night (2:00 UTC) but ≤ 50.0 MW → rounding artifact, set to 0"
2023-06-20 02:00:00+00:00,solar_forecast_mw,1.1925,0.0,"Solar > 0 at night (2:00 UTC) but ≤ 50.0 MW → rounding artifact, set to 0"
2023-06-21 02:00:00+00:00,solar_forecast_mw,1.5925,0.0,"Solar > 0 at night (2:00 UTC) but ≤ 50.0 MW → rounding artifact, set to 0"
2023-06-22 02:00:00+00:00,solar_forecast_mw,0.9025,0.0,"Solar > 0 at night (2:00 UTC) but ≤ 50.0 MW → rounding artifact, set to 0"
2023-06-23 02:00:00+00:00,solar_forecast_mw,3.4675,0.0,"Solar > 0 at night (2:00 UTC) but ≤ 50.0 MW → rounding artifact, set to 0"
2023-06-24 02:00:00+00:00,solar_forecast_mw,0.4925,0.0,"Solar > 0 at night (2:00 UTC) but ≤ 50.0 MW → rounding artifact, set to 0"
2023-06-25 02:00:00+00:00,solar_forecast_mw,0.94,0.0,"Solar > 0 at night (2:00 UTC) but ≤ 50.0 MW → rounding artifact, set to 0"
2023-06-26 02:00:00+00:00,solar_forecast_mw,0.855,0.0,"Solar > 0 at night (2:00 UTC) but ≤ 50.0 MW → rounding artifact, set to 0"
2023-06-27 02:00:00+00:00,solar_forecast_mw,0.7125,0.0,"Solar > 0 at night (2:00 UTC) but ≤ 50.0 MW → rounding artifact, set to 0"
2023-06-28 02:00:00+00:00,solar_forecast_mw,1.4475,0.0,"Solar > 0 at night (2:00 UTC) but ≤ 50.0 MW → rounding artifact, set to 0"
2023-06-29 02:00:00+00:00,solar_forecast_mw,1.9,0.0,"Solar > 0 at night (2:00 UTC) but ≤ 50.0 MW → rounding artifact, set to 0"
2023-06-30 02:00:00+00:00,solar_forecast_mw,0.1625,0.0,"Solar > 0 at night (2:00 UTC) but ≤ 50.0 MW → rounding artifact, set to 0"
2023-07-01 02:00:00+00:00,solar_forecast_mw,0.14,0.0,"Solar > 0 at night (2:00 UTC) but ≤ 50.0 MW → rounding artifact, set to 0"
2023-07-02 02:00:00+00:00,solar_forecast_mw,0.1475,0.0,"Solar > 0 at night (2:00 UTC) but ≤ 50.0 MW → rounding artifact, set to 0"
2023-07-03 02:00:00+00:00,solar_forecast_mw,0.1375,0.0,"Solar > 0 at night (2:00 UTC) but ≤ 50.0 MW → rounding artifact, set to 0"
2023-07-04 02:00:00+00:00,solar_forecast_mw,0.08,0.0,"Solar > 0 at night (2:00 UTC) but ≤ 50.0 MW → rounding artifact, set to 0"
2023-07-05 02:00:00+00:00,solar_forecast_mw,0.0625,0.0,"Solar > 0 at night (2:00 UTC) but ≤ 50.0 MW → rounding artifact, set to 0"
2023-07-06 02:00:00+00:00,solar_forecast_mw,0.0575,0.0,"Solar > 0 at night (2:00 UTC) but ≤ 50.0 MW → rounding artifact, set to 0"
2023-07-07 02:00:00+00:00,solar_forecast_mw,0.0375,0.0,"Solar > 0 at night (2:00 UTC) but ≤ 50.0 MW → rounding artifact, set to 0"
2023-07-08 02:00:00+00:00,solar_forecast_mw,0.0025,0.0,"Solar > 0 at night (2:00 UTC) but ≤ 50.0 MW → rounding artifact, set to 0"
2023-07-27 03:00:00+00:00,solar_forecast_mw,43.89,0.0,"Solar > 0 at night (3:00 UTC) but ≤ 50.0 MW → rounding artifact, set to 0"
2023-07-28 03:00:00+00:00,solar_forecast_mw,31.705,0.0,"Solar > 0 at night (3:00 UTC) but ≤ 50.0 MW → rounding artifact, set to 0"
2023-07-29 03:00:00+00:00,solar_forecast_mw,41.625,0.0,"Solar > 0 at night (3:00 UTC) but ≤ 50.0 MW → rounding artifact, set to 0"
2023-07-30 03:00:00+00:00,solar_forecast_mw,30.900000000000002,0.0,"Solar > 0 at night (3:00 UTC) but ≤ 50.0 MW → rounding artifact, set to 0"
2023-07-31 03:00:00+00:00,solar_forecast_mw,29.475,0.0,"Solar > 0 at night (3:00 UTC) but ≤ 50.0 MW → rounding artifact, set to 0"
2023-08-01 03:00:00+00:00,solar_forecast_mw,23.2975,0.0,"Solar > 0 at night (3:00 UTC) but ≤ 50.0 MW → rounding artifact, set to 0"
2023-08-02 03:00:00+00:00,solar_forecast_mw,20.545,0.0,"Solar > 0 at night (3:00 UTC) but ≤ 50.0 MW → rounding artifact, set to 0"
2023-08-03 03:00:00+00:00,solar_forecast_mw,13.1375,0.0,"Solar > 0 at night (3:00 UTC) but ≤ 50.0 MW → rounding artifact, set to 0"
2023-08-04 03:00:00+00:00,solar_forecast_mw,14.362499999999999,0.0,"Solar > 0 at night (3:00 UTC) but ≤ 50.0 MW → rounding artifact, set to 0"
2023-08-05 03:00:00+00:00,solar_forecast_mw,9.347499999999998,0.0,"Solar > 0 at night (3:00 UTC) but ≤ 50.0 MW → rounding artifact, set to 0"
2023-08-06 03:00:00+00:00,solar_forecast_mw,13.3275,0.0,"Solar > 0 at night (3:00 UTC) but ≤ 50.0 MW → rounding artifact, set to 0"
2023-08-07 03:00:00+00:00,solar_forecast_mw,17.55,0.0,"Solar > 0 at night (3:00 UTC) but ≤ 50.0 MW → rounding artifact, set to 0"
2023-08-08 03:00:00+00:00,solar_forecast_mw,7.44,0.0,"Solar > 0 at night (3:00 UTC) but ≤ 50.0 MW → rounding artifact, set to 0"
2023-08-09 03:00:00+00:00,solar_forecast_mw,6.4725,0.0,"Solar > 0 at night (3:00 UTC) but ≤ 50.0 MW → rounding artifact, set to 0"
2023-08-10 03:00:00+00:00,solar_forecast_mw,1.92,0.0,"Solar > 0 at night (3:00 UTC) but ≤ 50.0 MW → rounding artifact, set to 0"
2023-08-11 03:00:00+00:00,solar_forecast_mw,3.01,0.0,"Solar > 0 at night (3:00 UTC) but ≤ 50.0 MW → rounding artifact, set to 0"
2023-08-12 03:00:00+00:00,solar_forecast_mw,5.79,0.0,"Solar > 0 at night (3:00 UTC) but ≤ 50.0 MW → rounding artifact, set to 0"
2023-08-13 03:00:00+00:00,solar_forecast_mw,3.7625,0.0,"Solar > 0 at night (3:00 UTC) but ≤ 50.0 MW → rounding artifact, set to 0"
2023-08-14 03:00:00+00:00,solar_forecast_mw,1.7275,0.0,"Solar > 0 at night (3:00 UTC) but ≤ 50.0 MW → rounding artifact, set to 0"
2023-08-15 03:00:00+00:00,solar_forecast_mw,1.4375,0.0,"Solar > 0 at night (3:00 UTC) but ≤ 50.0 MW → rounding artifact, set to 0"
2023-08-16 03:00:00+00:00,solar_forecast_mw,0.75,0.0,"Solar > 0 at night (3:00 UTC) but ≤ 50.0 MW → rounding artifact, set to 0"
2023-08-17 03:00:00+00:00,solar_forecast_mw,1.1275,0.0,"Solar > 0 at night (3:00 UTC) but ≤ 50.0 MW → rounding artifact, set to 0"
2023-08-18 03:00:00+00:00,solar_forecast_mw,1.45,0.0,"Solar > 0 at night (3:00 UTC) but ≤ 50.0 MW → rounding artifact, set to 0"
2023-08-19 03:00:00+00:00,solar_forecast_mw,0.5275,0.0,"Solar > 0 at night (3:00 UTC) but ≤ 50.0 MW → rounding artifact, set to 0"
2023-09-09 04:00:00+00:00,solar_forecast_mw,38.62,0.0,"Solar > 0 at night (4:00 UTC) but ≤ 50.0 MW → rounding artifact, set to 0"
2023-09-10 04:00:00+00:00,solar_forecast_mw,34.4375,0.0,"Solar > 0 at night (4:00 UTC) but ≤ 50.0 MW → rounding artifact, set to 0"
2023-09-11 04:00:00+00:00,solar_forecast_mw,23.255,0.0,"Solar > 0 at night (4:00 UTC) but ≤ 50.0 MW → rounding artifact, set to 0"
2023-09-12 04:00:00+00:00,solar_forecast_mw,26.682499999999997,0.0,"Solar > 0 at night (4:00 UTC) but ≤ 50.0 MW → rounding artifact, set to 0"
2023-09-13 04:00:00+00:00,solar_forecast_mw,15.905000000000001,0.0,"Solar > 0 at night (4:00 UTC) but ≤ 50.0 MW → rounding artifact, set to 0"
2023-09-14 04:00:00+00:00,solar_forecast_mw,10.9775,0.0,"Solar > 0 at night (4:00 UTC) but ≤ 50.0 MW → rounding artifact, set to 0"
2023-09-15 04:00:00+00:00,solar_forecast_mw,12.58,0.0,"Solar > 0 at night (4:00 UTC) but ≤ 50.0 MW → rounding artifact, set to 0"
2023-09-16 04:00:00+00:00,solar_forecast_mw,12.86,0.0,"Solar > 0 at night (4:00 UTC) but ≤ 50.0 MW → rounding artifact, set to 0"
2023-09-17 04:00:00+00:00,solar_forecast_mw,15.1,0.0,"Solar > 0 at night (4:00 UTC) but ≤ 50.0 MW → rounding artifact, set to 0"
2023-09-18 04:00:00+00:00,solar_forecast_mw,18.2175,0.0,"Solar > 0 at night (4:00 UTC) but ≤ 50.0 MW → rounding artifact, set to 0"
2023-09-19 04:00:00+00:00,solar_forecast_mw,9.585,0.0,"Solar > 0 at night (4:00 UTC) but ≤ 50.0 MW → rounding artifact, set to 0"
2023-09-20 04:00:00+00:00,solar_forecast_mw,7.5024999999999995,0.0,"Solar > 0 at night (4:00 UTC) but ≤ 50.0 MW → rounding artifact, set to 0"
2023-09-21 04:00:00+00:00,solar_forecast_mw,4.4825,0.0,"Solar > 0 at night (4:00 UTC) but ≤ 50.0 MW → rounding artifact, set to 0"
2023-09-22 04:00:00+00:00,solar_forecast_mw,6.177499999999999,0.0,"Solar > 0 at night (4:00 UTC) but ≤ 50.0 MW → rounding artifact, set to 0"
2023-09-23 04:00:00+00:00,solar_forecast_mw,5.59,0.0,"Solar > 0 at night (4:00 UTC) but ≤ 50.0 MW → rounding artifact, set to 0"
2023-09-24 04:00:00+00:00,solar_forecast_mw,2.1275,0.0,"Solar > 0 at night (4:00 UTC) but ≤ 50.0 MW → rounding artifact, set to 0"
2024-03-25 04:00:00+00:00,solar_forecast_mw,0.8525,0.0,"Solar > 0 at night (4:00 UTC) but ≤ 50.0 MW → rounding artifact, set to 0"
2024-03-26 04:00:00+00:00,solar_forecast_mw,10.61,0.0,"Solar > 0 at night (4:00 UTC) but ≤ 50.0 MW → rounding artifact, set to 0"
2024-03-27 04:00:00+00:00,solar_forecast_mw,12.2825,0.0,"Solar > 0 at night (4:00 UTC) but ≤ 50.0 MW → rounding artifact, set to 0"
2024-03-28 04:00:00+00:00,solar_forecast_mw,4.3575,0.0,"Solar > 0 at night (4:00 UTC) but ≤ 50.0 MW → rounding artifact, set to 0"
2024-03-29 04:00:00+00:00,solar_forecast_mw,6.8575,0.0,"Solar > 0 at night (4:00 UTC) but ≤ 50.0 MW → rounding artifact, set to 0"
2024-03-30 04:00:00+00:00,solar_forecast_mw,13.83,0.0,"Solar > 0 at night (4:00 UTC) but ≤ 50.0 MW → rounding artifact, set to 0"
2024-03-31 04:00:00+00:00,solar_forecast_mw,13.975,0.0,"Solar > 0 at night (4:00 UTC) but ≤ 50.0 MW → rounding artifact, set to 0"
2024-04-01 04:00:00+00:00,solar_forecast_mw,15.4475,0.0,"Solar > 0 at night (4:00 UTC) but ≤ 50.0 MW → rounding artifact, set to 0"
2024-04-02 04:00:00+00:00,solar_forecast_mw,20.7775,0.0,"Solar > 0 at night (4:00 UTC) but ≤ 50.0 MW → rounding artifact, set to 0"
2024-04-03 04:00:00+00:00,solar_forecast_mw,23.715,0.0,"Solar > 0 at night (4:00 UTC) but ≤ 50.0 MW → rounding artifact, set to 0"
2024-04-04 04:00:00+00:00,solar_forecast_mw,25.665,0.0,"Solar > 0 at night (4:00 UTC) but ≤ 50.0 MW → rounding artifact, set to 0"
2024-04-05 04:00:00+00:00,solar_forecast_mw,42.305,0.0,"Solar > 0 at night (4:00 UTC) but ≤ 50.0 MW → rounding artifact, set to 0"
2024-04-06 04:00:00+00:00,solar_forecast_mw,49.34,0.0,"Solar > 0 at night (4:00 UTC) but ≤ 50.0 MW → rounding artifact, set to 0"
2024-04-20 03:00:00+00:00,solar_forecast_mw,0.3625,0.0,"Solar > 0 at night (3:00 UTC) but ≤ 50.0 MW → rounding artifact, set to 0"
2024-04-21 03:00:00+00:00,solar_forecast_mw,0.2675,0.0,"Solar > 0 at night (3:00 UTC) but ≤ 50.0 MW → rounding artifact, set to 0"
2024-04-22 03:00:00+00:00,solar_forecast_mw,1.26,0.0,"Solar > 0 at night (3:00 UTC) but ≤ 50.0 MW → rounding artifact, set to 0"
2024-04-23 03:00:00+00:00,solar_forecast_mw,5.3875,0.0,"Solar > 0 at night (3:00 UTC) but ≤ 50.0 MW → rounding artifact, set to 0"
2024-04-24 03:00:00+00:00,solar_forecast_mw,14.65,0.0,"Solar > 0 at night (3:00 UTC) but ≤ 50.0 MW → rounding artifact, set to 0"
2024-04-25 03:00:00+00:00,solar_forecast_mw,12.965,0.0,"Solar > 0 at night (3:00 UTC) but ≤ 50.0 MW → rounding artifact, set to 0"
2024-04-26 03:00:00+00:00,solar_forecast_mw,6.9225,0.0,"Solar > 0 at night (3:00 UTC) but ≤ 50.0 MW → rounding artifact, set to 0"
2024-04-27 03:00:00+00:00,solar_forecast_mw,4.5,0.0,"Solar > 0 at night (3:00 UTC) but ≤ 50.0 MW → rounding artifact, set to 0"
2024-04-28 03:00:00+00:00,solar_forecast_mw,8.93,0.0,"Solar > 0 at night (3:00 UTC) but ≤ 50.0 MW → rounding artifact, set to 0"
2024-04-29 03:00:00+00:00,solar_forecast_mw,16.9375,0.0,"Solar > 0 at night (3:00 UTC) but ≤ 50.0 MW → rounding artifact, set to 0"
2024-04-30 03:00:00+00:00,solar_forecast_mw,10.0825,0.0,"Solar > 0 at night (3:00 UTC) but ≤ 50.0 MW → rounding artifact, set to 0"
2024-05-01 03:00:00+00:00,solar_forecast_mw,17.447499999999998,0.0,"Solar > 0 at night (3:00 UTC) but ≤ 50.0 MW → rounding artifact, set to 0"
2024-05-02 03:00:00+00:00,solar_forecast_mw,24.6375,0.0,"Solar > 0 at night (3:00 UTC) but ≤ 50.0 MW → rounding artifact, set to 0"
2024-05-03 03:00:00+00:00,solar_forecast_mw,31.974999999999998,0.0,"Solar > 0 at night (3:00 UTC) but ≤ 50.0 MW → rounding artifact, set to 0"
2024-05-04 03:00:00+00:00,solar_forecast_mw,24.8825,0.0,"Solar > 0 at night (3:00 UTC) but ≤ 50.0 MW → rounding artifact, set to 0"
2024-05-07 03:00:00+00:00,solar_forecast_mw,49.3925,0.0,"Solar > 0 at night (3:00 UTC) but ≤ 50.0 MW → rounding artifact, set to 0"
2024-05-08 03:00:00+00:00,solar_forecast_mw,33.0675,0.0,"Solar > 0 at night (3:00 UTC) but ≤ 50.0 MW → rounding artifact, set to 0"
2024-05-26 02:00:00+00:00,solar_forecast_mw,4.39,0.0,"Solar > 0 at night (2:00 UTC) but ≤ 50.0 MW → rounding artifact, set to 0"
2024-05-27 02:00:00+00:00,solar_forecast_mw,10.6075,0.0,"Solar > 0 at night (2:00 UTC) but ≤ 50.0 MW → rounding artifact, set to 0"
2024-05-28 02:00:00+00:00,solar_forecast_mw,8.7075,0.0,"Solar > 0 at night (2:00 UTC) but ≤ 50.0 MW → rounding artifact, set to 0"
2024-05-29 02:00:00+00:00,solar_forecast_mw,0.1775,0.0,"Solar > 0 at night (2:00 UTC) but ≤ 50.0 MW → rounding artifact, set to 0"
2024-05-30 02:00:00+00:00,solar_forecast_mw,0.075,0.0,"Solar > 0 at night (2:00 UTC) but ≤ 50.0 MW → rounding artifact, set to 0"
2024-05-31 02:00:00+00:00,solar_forecast_mw,0.115,0.0,"Solar > 0 at night (2:00 UTC) but ≤ 50.0 MW → rounding artifact, set to 0"
2024-06-01 02:00:00+00:00,solar_forecast_mw,0.135,0.0,"Solar > 0 at night (2:00 UTC) but ≤ 50.0 MW → rounding artifact, set to 0"
2024-06-02 02:00:00+00:00,solar_forecast_mw,4.8625,0.0,"Solar > 0 at night (2:00 UTC) but ≤ 50.0 MW → rounding artifact, set to 0"
2024-06-03 02:00:00+00:00,solar_forecast_mw,0.2025,0.0,"Solar > 0 at night (2:00 UTC) but ≤ 50.0 MW → rounding artifact, set to 0"
2024-06-04 02:00:00+00:00,solar_forecast_mw,3.2025,0.0,"Solar > 0 at night (2:00 UTC) but ≤ 50.0 MW → rounding artifact, set to 0"
2024-06-05 02:00:00+00:00,solar_forecast_mw,4.4575,0.0,"Solar > 0 at night (2:00 UTC) but ≤ 50.0 MW → rounding artifact, set to 0"
2024-06-06 02:00:00+00:00,solar_forecast_mw,1.3525,0.0,"Solar > 0 at night (2:00 UTC) but ≤ 50.0 MW → rounding artifact, set to 0"
2024-06-07 02:00:00+00:00,solar_forecast_mw,3.2025,0.0,"Solar > 0 at night (2:00 UTC) but ≤ 50.0 MW → rounding artifact, set to 0"
2024-06-08 02:00:00+00:00,solar_forecast_mw,2.2175,0.0,"Solar > 0 at night (2:00 UTC) but ≤ 50.0 MW → rounding artifact, set to 0"
2024-06-09 02:00:00+00:00,solar_forecast_mw,1.76,0.0,"Solar > 0 at night (2:00 UTC) but ≤ 50.0 MW → rounding artifact, set to 0"
2024-06-10 02:00:00+00:00,solar_forecast_mw,1.4175,0.0,"Solar > 0 at night (2:00 UTC) but ≤ 50.0 MW → rounding artifact, set to 0"
2024-06-11 02:00:00+00:00,solar_forecast_mw,6.655,0.0,"Solar > 0 at night (2:00 UTC) but ≤ 50.0 MW → rounding artifact, set to 0"
2024-06-12 02:00:00+00:00,solar_forecast_mw,1.16,0.0,"Solar > 0 at night (2:00 UTC) but ≤ 50.0 MW → rounding artifact, set to 0"
2024-06-13 02:00:00+00:00,solar_forecast_mw,1.435,0.0,"Solar > 0 at night (2:00 UTC) but ≤ 50.0 MW → rounding artifact, set to 0"
2024-06-14 02:00:00+00:00,solar_forecast_mw,11.6475,0.0,"Solar > 0 at night (2:00 UTC) but ≤ 50.0 MW → rounding artifact, set to 0"
2024-06-15 02:00:00+00:00,solar_forecast_mw,4.265,0.0,"Solar > 0 at night (2:00 UTC) but ≤ 50.0 MW → rounding artifact, set to 0"
2024-06-16 02:00:00+00:00,solar_forecast_mw,4.8675,0.0,"Solar > 0 at night (2:00 UTC) but ≤ 50.0 MW → rounding artifact, set to 0"
2024-06-17 02:00:00+00:00,solar_forecast_mw,2.2075,0.0,"Solar > 0 at night (2:00 UTC) but ≤ 50.0 MW → rounding artifact, set to 0"
2024-06-18 02:00:00+00:00,solar_forecast_mw,4.755,0.0,"Solar > 0 at night (2:00 UTC) but ≤ 50.0 MW → rounding artifact, set to 0"
2024-06-20 02:00:00+00:00,solar_forecast_mw,4.8125,0.0,"Solar > 0 at night (2:00 UTC) but ≤ 50.0 MW → rounding artifact, set to 0"
2024-06-21 02:00:00+00:00,solar_forecast_mw,3.69,0.0,"Solar > 0 at night (2:00 UTC) but ≤ 50.0 MW → rounding artifact, set to 0"
2024-06-22 02:00:00+00:00,solar_forecast_mw,1.2625,0.0,"Solar > 0 at night (2:00 UTC) but ≤ 50.0 MW → rounding artifact, set to 0"
2024-06-23 02:00:00+00:00,solar_forecast_mw,4.74,0.0,"Solar > 0 at night (2:00 UTC) but ≤ 50.0 MW → rounding artifact, set to 0"
2024-06-24 02:00:00+00:00,solar_forecast_mw,1.3025,0.0,"Solar > 0 at night (2:00 UTC) but ≤ 50.0 MW → rounding artifact, set to 0"
2024-06-25 02:00:00+00:00,solar_forecast_mw,6.7975,0.0,"Solar > 0 at night (2:00 UTC) but ≤ 50.0 MW → rounding artifact, set to 0"
2024-06-26 02:00:00+00:00,solar_forecast_mw,2.18,0.0,"Solar > 0 at night (2:00 UTC) but ≤ 50.0 MW → rounding artifact, set to 0"
2024-06-27 02:00:00+00:00,solar_forecast_mw,4.6125,0.0,"Solar > 0 at night (2:00 UTC) but ≤ 50.0 MW → rounding artifact, set to 0"
2024-06-28 02:00:00+00:00,solar_forecast_mw,1.67,0.0,"Solar > 0 at night (2:00 UTC) but ≤ 50.0 MW → rounding artifact, set to 0"
2024-06-29 02:00:00+00:00,solar_forecast_mw,2.0325,0.0,"Solar > 0 at night (2:00 UTC) but ≤ 50.0 MW → rounding artifact, set to 0"
2024-06-30 02:00:00+00:00,solar_forecast_mw,1.5875,0.0,"Solar > 0 at night (2:00 UTC) but ≤ 50.0 MW → rounding artifact, set to 0"
2024-07-01 02:00:00+00:00,solar_forecast_mw,0.9925,0.0,"Solar > 0 at night (2:00 UTC) but ≤ 50.0 MW → rounding artifact, set to 0"
2024-07-02 02:00:00+00:00,solar_forecast_mw,1.3175,0.0,"Solar > 0 at night (2:00 UTC) but ≤ 50.0 MW → rounding artifact, set to 0"
2024-07-03 02:00:00+00:00,solar_forecast_mw,2.6225,0.0,"Solar > 0 at night (2:00 UTC) but ≤ 50.0 MW → rounding artifact, set to 0"
2024-07-04 02:00:00+00:00,solar_forecast_mw,0.4575,0.0,"Solar > 0 at night (2:00 UTC) but ≤ 50.0 MW → rounding artifact, set to 0"
2024-07-05 02:00:00+00:00,solar_forecast_mw,0.3975,0.0,"Solar > 0 at night (2:00 UTC) but ≤ 50.0 MW → rounding artifact, set to 0"
2024-07-06 02:00:00+00:00,solar_forecast_mw,1.7625,0.0,"Solar > 0 at night (2:00 UTC) but ≤ 50.0 MW → rounding artifact, set to 0"
2024-07-07 02:00:00+00:00,solar_forecast_mw,0.0075,0.0,"Solar > 0 at night (2:00 UTC) but ≤ 50.0 MW → rounding artifact, set to 0"
2024-07-08 02:00:00+00:00,solar_forecast_mw,0.0025,0.0,"Solar > 0 at night (2:00 UTC) but ≤ 50.0 MW → rounding artifact, set to 0"
2024-07-09 02:00:00+00:00,solar_forecast_mw,0.2125,0.0,"Solar > 0 at night (2:00 UTC) but ≤ 50.0 MW → rounding artifact, set to 0"
2024-07-22 03:00:00+00:00,solar_forecast_mw,44.73500000000001,0.0,"Solar > 0 at night (3:00 UTC) but ≤ 50.0 MW → rounding artifact, set to 0"
2024-07-24 03:00:00+00:00,solar_forecast_mw,45.714999999999996,0.0,"Solar > 0 at night (3:00 UTC) but ≤ 50.0 MW → rounding artifact, set to 0"
2024-07-26 03:00:00+00:00,solar_forecast_mw,47.6375,0.0,"Solar > 0 at night (3:00 UTC) but ≤ 50.0 MW → rounding artifact, set to 0"
2024-07-27 03:00:00+00:00,solar_forecast_mw,47.245000000000005,0.0,"Solar > 0 at night (3:00 UTC) but ≤ 50.0 MW → rounding artifact, set to 0"
2024-07-28 03:00:00+00:00,solar_forecast_mw,21.975,0.0,"Solar > 0 at night (3:00 UTC) but ≤ 50.0 MW → rounding artifact, set to 0"
2024-07-29 03:00:00+00:00,solar_forecast_mw,34.794999999999995,0.0,"Solar > 0 at night (3:00 UTC) but ≤ 50.0 MW → rounding artifact, set to 0"
2024-07-30 03:00:00+00:00,solar_forecast_mw,41.150000000000006,0.0,"Solar > 0 at night (3:00 UTC) but ≤ 50.0 MW → rounding artifact, set to 0"
2024-07-31 03:00:00+00:00,solar_forecast_mw,30.6825,0.0,"Solar > 0 at night (3:00 UTC) but ≤ 50.0 MW → rounding artifact, set to 0"
2024-08-01 03:00:00+00:00,solar_forecast_mw,21.48,0.0,"Solar > 0 at night (3:00 UTC) but ≤ 50.0 MW → rounding artifact, set to 0"
2024-08-03 03:00:00+00:00,solar_forecast_mw,12.0925,0.0,"Solar > 0 at night (3:00 UTC) but ≤ 50.0 MW → rounding artifact, set to 0"
2024-08-04 03:00:00+00:00,solar_forecast_mw,13.0275,0.0,"Solar > 0 at night (3:00 UTC) but ≤ 50.0 MW → rounding artifact, set to 0"
2024-08-05 03:00:00+00:00,solar_forecast_mw,7.7625,0.0,"Solar > 0 at night (3:00 UTC) but ≤ 50.0 MW → rounding artifact, set to 0"
2024-08-06 03:00:00+00:00,solar_forecast_mw,8.125,0.0,"Solar > 0 at night (3:00 UTC) but ≤ 50.0 MW → rounding artifact, set to 0"
2024-08-07 03:00:00+00:00,solar_forecast_mw,5.505,0.0,"Solar > 0 at night (3:00 UTC) but ≤ 50.0 MW → rounding artifact, set to 0"
2024-08-08 03:00:00+00:00,solar_forecast_mw,5.4275,0.0,"Solar > 0 at night (3:00 UTC) but ≤ 50.0 MW → rounding artifact, set to 0"
2024-08-09 03:00:00+00:00,solar_forecast_mw,2.65,0.0,"Solar > 0 at night (3:00 UTC) but ≤ 50.0 MW → rounding artifact, set to 0"
2024-08-10 03:00:00+00:00,solar_forecast_mw,4.485,0.0,"Solar > 0 at night (3:00 UTC) but ≤ 50.0 MW → rounding artifact, set to 0"
2024-08-11 03:00:00+00:00,solar_forecast_mw,2.35,0.0,"Solar > 0 at night (3:00 UTC) but ≤ 50.0 MW → rounding artifact, set to 0"
2024-08-12 03:00:00+00:00,solar_forecast_mw,2.045,0.0,"Solar > 0 at night (3:00 UTC) but ≤ 50.0 MW → rounding artifact, set to 0"
2024-08-13 03:00:00+00:00,solar_forecast_mw,3.13,0.0,"Solar > 0 at night (3:00 UTC) but ≤ 50.0 MW → rounding artifact, set to 0"
2024-08-14 03:00:00+00:00,solar_forecast_mw,2.91,0.0,"Solar > 0 at night (3:00 UTC) but ≤ 50.0 MW → rounding artifact, set to 0"
2024-08-15 03:00:00+00:00,solar_forecast_mw,1.8275,0.0,"Solar > 0 at night (3:00 UTC) but ≤ 50.0 MW → rounding artifact, set to 0"
2024-08-16 03:00:00+00:00,solar_forecast_mw,0.96,0.0,"Solar > 0 at night (3:00 UTC) but ≤ 50.0 MW → rounding artifact, set to 0"
2024-08-17 03:00:00+00:00,solar_forecast_mw,0.025,0.0,"Solar > 0 at night (3:00 UTC) but ≤ 50.0 MW → rounding artifact, set to 0"
2024-08-18 03:00:00+00:00,solar_forecast_mw,0.02,0.0,"Solar > 0 at night (3:00 UTC) but ≤ 50.0 MW → rounding artifact, set to 0"
2024-08-19 03:00:00+00:00,solar_forecast_mw,0.1125,0.0,"Solar > 0 at night (3:00 UTC) but ≤ 50.0 MW → rounding artifact, set to 0"
2024-08-20 03:00:00+00:00,solar_forecast_mw,0.0175,0.0,"Solar > 0 at night (3:00 UTC) but ≤ 50.0 MW → rounding artifact, set to 0"
2024-09-06 04:00:00+00:00,solar_forecast_mw,45.7825,0.0,"Solar > 0 at night (4:00 UTC) but ≤ 50.0 MW → rounding artifact, set to 0"
2024-09-07 04:00:00+00:00,solar_forecast_mw,49.037499999999994,0.0,"Solar > 0 at night (4:00 UTC) but ≤ 50.0 MW → rounding artifact, set to 0"
2024-09-08 04:00:00+00:00,solar_forecast_mw,42.4,0.0,"Solar > 0 at night (4:00 UTC) but ≤ 50.0 MW → rounding artifact, set to 0"
2024-09-10 04:00:00+00:00,solar_forecast_mw,15.587499999999999,0.0,"Solar > 0 at night (4:00 UTC) but ≤ 50.0 MW → rounding artifact, set to 0"
2024-09-11 04:00:00+00:00,solar_forecast_mw,18.4675,0.0,"Solar > 0 at night (4:00 UTC) but ≤ 50.0 MW → rounding artifact, set to 0"
2024-09-12 04:00:00+00:00,solar_forecast_mw,18.8725,0.0,"Solar > 0 at night (4:00 UTC) but ≤ 50.0 MW → rounding artifact, set to 0"
2024-09-13 04:00:00+00:00,solar_forecast_mw,13.9375,0.0,"Solar > 0 at night (4:00 UTC) but ≤ 50.0 MW → rounding artifact, set to 0"
2024-09-14 04:00:00+00:00,solar_forecast_mw,15.0475,0.0,"Solar > 0 at night (4:00 UTC) but ≤ 50.0 MW → rounding artifact, set to 0"
2024-09-15 04:00:00+00:00,solar_forecast_mw,12.34,0.0,"Solar > 0 at night (4:00 UTC) but ≤ 50.0 MW → rounding artifact, set to 0"
2024-09-16 03:00:00+00:00,solar_forecast_mw,0.0025,0.0,"Solar > 0 at night (3:00 UTC) but ≤ 50.0 MW → rounding artifact, set to 0"
2024-09-16 04:00:00+00:00,solar_forecast_mw,10.085,0.0,"Solar > 0 at night (4:00 UTC) but ≤ 50.0 MW → rounding artifact, set to 0"
2024-09-17 04:00:00+00:00,solar_forecast_mw,9.9975,0.0,"Solar > 0 at night (4:00 UTC) but ≤ 50.0 MW → rounding artifact, set to 0"
2024-09-18 04:00:00+00:00,solar_forecast_mw,10.3325,0.0,"Solar > 0 at night (4:00 UTC) but ≤ 50.0 MW → rounding artifact, set to 0"
2024-09-19 04:00:00+00:00,solar_forecast_mw,8.8025,0.0,"Solar > 0 at night (4:00 UTC) but ≤ 50.0 MW → rounding artifact, set to 0"
2024-09-20 04:00:00+00:00,solar_forecast_mw,8.8725,0.0,"Solar > 0 at night (4:00 UTC) but ≤ 50.0 MW → rounding artifact, set to 0"
2024-09-21 04:00:00+00:00,solar_forecast_mw,6.9125,0.0,"Solar > 0 at night (4:00 UTC) but ≤ 50.0 MW → rounding artifact, set to 0"
2024-09-22 04:00:00+00:00,solar_forecast_mw,5.795,0.0,"Solar > 0 at night (4:00 UTC) but ≤ 50.0 MW → rounding artifact, set to 0"
2024-09-23 04:00:00+00:00,solar_forecast_mw,2.2625,0.0,"Solar > 0 at night (4:00 UTC) but ≤ 50.0 MW → rounding artifact, set to 0"
2024-09-24 04:00:00+00:00,solar_forecast_mw,1.4075,0.0,"Solar > 0 at night (4:00 UTC) but ≤ 50.0 MW → rounding artifact, set to 0"
2024-09-25 04:00:00+00:00,solar_forecast_mw,1.1525,0.0,"Solar > 0 at night (4:00 UTC) but ≤ 50.0 MW → rounding artifact, set to 0"
2024-09-26 04:00:00+00:00,solar_forecast_mw,0.2925,0.0,"Solar > 0 at night (4:00 UTC) but ≤ 50.0 MW → rounding artifact, set to 0"
2024-09-27 04:00:00+00:00,solar_forecast_mw,0.7725,0.0,"Solar > 0 at night (4:00 UTC) but ≤ 50.0 MW → rounding artifact, set to 0"
2024-09-28 04:00:00+00:00,solar_forecast_mw,1.295,0.0,"Solar > 0 at night (4:00 UTC) but ≤ 50.0 MW → rounding artifact, set to 0"
2024-09-29 04:00:00+00:00,solar_forecast_mw,0.8825000000000001,0.0,"Solar > 0 at night (4:00 UTC) but ≤ 50.0 MW → rounding artifact, set to 0"
2024-09-30 04:00:00+00:00,solar_forecast_mw,0.8099999999999999,0.0,"Solar > 0 at night (4:00 UTC) but ≤ 50.0 MW → rounding artifact, set to 0"
2024-10-01 04:00:00+00:00,solar_forecast_mw,0.37,0.0,"Solar > 0 at night (4:00 UTC) but ≤ 50.0 MW → rounding artifact, set to 0"
2024-10-02 04:00:00+00:00,solar_forecast_mw,0.4225,0.0,"Solar > 0 at night (4:00 UTC) but ≤ 50.0 MW → rounding artifact, set to 0"
2024-10-03 04:00:00+00:00,solar_forecast_mw,0.26,0.0,"Solar > 0 at night (4:00 UTC) but ≤ 50.0 MW → rounding artifact, set to 0"
2024-10-04 04:00:00+00:00,solar_forecast_mw,0.21,0.0,"Solar > 0 at night (4:00 UTC) but ≤ 50.0 MW → rounding artifact, set to 0"
2024-10-05 04:00:00+00:00,solar_forecast_mw,0.3625,0.0,"Solar > 0 at night (4:00 UTC) but ≤ 50.0 MW → rounding artifact, set to 0"
2024-10-06 04:00:00+00:00,solar_forecast_mw,0.225,0.0,"Solar > 0 at night (4:00 UTC) but ≤ 50.0 MW → rounding artifact, set to 0"
2024-10-07 04:00:00+00:00,solar_forecast_mw,0.2775,0.0,"Solar > 0 at night (4:00 UTC) but ≤ 50.0 MW → rounding artifact, set to 0"
2024-10-08 04:00:00+00:00,solar_forecast_mw,0.3025,0.0,"Solar > 0 at night (4:00 UTC) but ≤ 50.0 MW → rounding artifact, set to 0"
2025-03-24 04:00:00+00:00,solar_forecast_mw,0.0025,0.0,"Solar > 0 at night (4:00 UTC) but ≤ 50.0 MW → rounding artifact, set to 0"
2025-03-25 04:00:00+00:00,solar_forecast_mw,0.075,0.0,"Solar > 0 at night (4:00 UTC) but ≤ 50.0 MW → rounding artifact, set to 0"
2025-03-26 04:00:00+00:00,solar_forecast_mw,0.1375,0.0,"Solar > 0 at night (4:00 UTC) but ≤ 50.0 MW → rounding artifact, set to 0"
2025-03-27 04:00:00+00:00,solar_forecast_mw,0.7525,0.0,"Solar > 0 at night (4:00 UTC) but ≤ 50.0 MW → rounding artifact, set to 0"
2025-03-28 04:00:00+00:00,solar_forecast_mw,3.5375,0.0,"Solar > 0 at night (4:00 UTC) but ≤ 50.0 MW → rounding artifact, set to 0"
2025-03-29 04:00:00+00:00,solar_forecast_mw,2.64,0.0,"Solar > 0 at night (4:00 UTC) but ≤ 50.0 MW → rounding artifact, set to 0"
2025-03-30 04:00:00+00:00,solar_forecast_mw,8.255,0.0,"Solar > 0 at night (4:00 UTC) but ≤ 50.0 MW → rounding artifact, set to 0"
2025-03-31 04:00:00+00:00,solar_forecast_mw,8.174999999999999,0.0,"Solar > 0 at night (4:00 UTC) but ≤ 50.0 MW → rounding artifact, set to 0"
2025-04-01 04:00:00+00:00,solar_forecast_mw,16.505,0.0,"Solar > 0 at night (4:00 UTC) but ≤ 50.0 MW → rounding artifact, set to 0"
2025-04-02 04:00:00+00:00,solar_forecast_mw,35.4775,0.0,"Solar > 0 at night (4:00 UTC) but ≤ 50.0 MW → rounding artifact, set to 0"
2025-04-03 04:00:00+00:00,solar_forecast_mw,49.565,0.0,"Solar > 0 at night (4:00 UTC) but ≤ 50.0 MW → rounding artifact, set to 0"
2025-04-20 03:00:00+00:00,solar_forecast_mw,0.02,0.0,"Solar > 0 at night (3:00 UTC) but ≤ 50.0 MW → rounding artifact, set to 0"
2025-04-21 03:00:00+00:00,solar_forecast_mw,0.12,0.0,"Solar > 0 at night (3:00 UTC) but ≤ 50.0 MW → rounding artifact, set to 0"
2025-04-22 03:00:00+00:00,solar_forecast_mw,0.5325,0.0,"Solar > 0 at night (3:00 UTC) but ≤ 50.0 MW → rounding artifact, set to 0"
2025-04-23 03:00:00+00:00,solar_forecast_mw,5.9425,0.0,"Solar > 0 at night (3:00 UTC) but ≤ 50.0 MW → rounding artifact, set to 0"
2025-04-24 03:00:00+00:00,solar_forecast_mw,9.2225,0.0,"Solar > 0 at night (3:00 UTC) but ≤ 50.0 MW → rounding artifact, set to 0"
2025-04-25 03:00:00+00:00,solar_forecast_mw,5.7725,0.0,"Solar > 0 at night (3:00 UTC) but ≤ 50.0 MW → rounding artifact, set to 0"
2025-04-26 03:00:00+00:00,solar_forecast_mw,14.2425,0.0,"Solar > 0 at night (3:00 UTC) but ≤ 50.0 MW → rounding artifact, set to 0"
2025-04-27 03:00:00+00:00,solar_forecast_mw,21.0525,0.0,"Solar > 0 at night (3:00 UTC) but ≤ 50.0 MW → rounding artifact, set to 0"
2025-04-28 03:00:00+00:00,solar_forecast_mw,22.16,0.0,"Solar > 0 at night (3:00 UTC) but ≤ 50.0 MW → rounding artifact, set to 0"
2025-04-29 03:00:00+00:00,solar_forecast_mw,26.802500000000002,0.0,"Solar > 0 at night (3:00 UTC) but ≤ 50.0 MW → rounding artifact, set to 0"
2025-04-30 03:00:00+00:00,solar_forecast_mw,41.894999999999996,0.0,"Solar > 0 at night (3:00 UTC) but ≤ 50.0 MW → rounding artifact, set to 0"
2025-05-01 03:00:00+00:00,solar_forecast_mw,42.724999999999994,0.0,"Solar > 0 at night (3:00 UTC) but ≤ 50.0 MW → rounding artifact, set to 0"
2025-05-02 03:00:00+00:00,solar_forecast_mw,43.2825,0.0,"Solar > 0 at night (3:00 UTC) but ≤ 50.0 MW → rounding artifact, set to 0"
2025-05-22 02:00:00+00:00,solar_forecast_mw,0.015,0.0,"Solar > 0 at night (2:00 UTC) but ≤ 50.0 MW → rounding artifact, set to 0"
2025-05-23 02:00:00+00:00,solar_forecast_mw,0.0525,0.0,"Solar > 0 at night (2:00 UTC) but ≤ 50.0 MW → rounding artifact, set to 0"
2025-05-24 02:00:00+00:00,solar_forecast_mw,0.055,0.0,"Solar > 0 at night (2:00 UTC) but ≤ 50.0 MW → rounding artifact, set to 0"
2025-05-25 02:00:00+00:00,solar_forecast_mw,1.2375,0.0,"Solar > 0 at night (2:00 UTC) but ≤ 50.0 MW → rounding artifact, set to 0"
2025-05-26 02:00:00+00:00,solar_forecast_mw,5.2725,0.0,"Solar > 0 at night (2:00 UTC) but ≤ 50.0 MW → rounding artifact, set to 0"
2025-05-27 02:00:00+00:00,solar_forecast_mw,3.455,0.0,"Solar > 0 at night (2:00 UTC) but ≤ 50.0 MW → rounding artifact, set to 0"
2025-05-28 02:00:00+00:00,solar_forecast_mw,1.005,0.0,"Solar > 0 at night (2:00 UTC) but ≤ 50.0 MW → rounding artifact, set to 0"
2025-05-29 02:00:00+00:00,solar_forecast_mw,4.0825,0.0,"Solar > 0 at night (2:00 UTC) but ≤ 50.0 MW → rounding artifact, set to 0"
2025-05-30 02:00:00+00:00,solar_forecast_mw,1.095,0.0,"Solar > 0 at night (2:00 UTC) but ≤ 50.0 MW → rounding artifact, set to 0"
2025-05-31 02:00:00+00:00,solar_forecast_mw,3.6475,0.0,"Solar > 0 at night (2:00 UTC) but ≤ 50.0 MW → rounding artifact, set to 0"
2025-06-01 02:00:00+00:00,solar_forecast_mw,3.2625,0.0,"Solar > 0 at night (2:00 UTC) but ≤ 50.0 MW → rounding artifact, set to 0"
2025-06-02 02:00:00+00:00,solar_forecast_mw,5.3225,0.0,"Solar > 0 at night (2:00 UTC) but ≤ 50.0 MW → rounding artifact, set to 0"
2025-06-03 02:00:00+00:00,solar_forecast_mw,6.61,0.0,"Solar > 0 at night (2:00 UTC) but ≤ 50.0 MW → rounding artifact, set to 0"
2025-06-04 02:00:00+00:00,solar_forecast_mw,8.809999999999999,0.0,"Solar > 0 at night (2:00 UTC) but ≤ 50.0 MW → rounding artifact, set to 0"
2025-06-05 02:00:00+00:00,solar_forecast_mw,7.1225000000000005,0.0,"Solar > 0 at night (2:00 UTC) but ≤ 50.0 MW → rounding artifact, set to 0"
2025-06-06 02:00:00+00:00,solar_forecast_mw,4.685,0.0,"Solar > 0 at night (2:00 UTC) but ≤ 50.0 MW → rounding artifact, set to 0"
2025-06-07 02:00:00+00:00,solar_forecast_mw,8.385000000000002,0.0,"Solar > 0 at night (2:00 UTC) but ≤ 50.0 MW → rounding artifact, set to 0"
2025-06-08 02:00:00+00:00,solar_forecast_mw,5.967499999999999,0.0,"Solar > 0 at night (2:00 UTC) but ≤ 50.0 MW → rounding artifact, set to 0"
2025-06-09 02:00:00+00:00,solar_forecast_mw,6.8075,0.0,"Solar > 0 at night (2:00 UTC) but ≤ 50.0 MW → rounding artifact, set to 0"
2025-06-10 02:00:00+00:00,solar_forecast_mw,6.1725,0.0,"Solar > 0 at night (2:00 UTC) but ≤ 50.0 MW → rounding artifact, set to 0"
2025-06-11 02:00:00+00:00,solar_forecast_mw,7.1450000000000005,0.0,"Solar > 0 at night (2:00 UTC) but ≤ 50.0 MW → rounding artifact, set to 0"
2025-06-12 02:00:00+00:00,solar_forecast_mw,14.4525,0.0,"Solar > 0 at night (2:00 UTC) but ≤ 50.0 MW → rounding artifact, set to 0"
2025-06-13 02:00:00+00:00,solar_forecast_mw,14.8775,0.0,"Solar > 0 at night (2:00 UTC) but ≤ 50.0 MW → rounding artifact, set to 0"
2025-06-14 02:00:00+00:00,solar_forecast_mw,15.280000000000001,0.0,"Solar > 0 at night (2:00 UTC) but ≤ 50.0 MW → rounding artifact, set to 0"
2025-06-15 02:00:00+00:00,solar_forecast_mw,13.87,0.0,"Solar > 0 at night (2:00 UTC) but ≤ 50.0 MW → rounding artifact, set to 0"
2025-06-16 02:00:00+00:00,solar_forecast_mw,13.555,0.0,"Solar > 0 at night (2:00 UTC) but ≤ 50.0 MW → rounding artifact, set to 0"
2025-06-17 02:00:00+00:00,solar_forecast_mw,20.07,0.0,"Solar > 0 at night (2:00 UTC) but ≤ 50.0 MW → rounding artifact, set to 0"
2025-06-18 02:00:00+00:00,solar_forecast_mw,23.06,0.0,"Solar > 0 at night (2:00 UTC) but ≤ 50.0 MW → rounding artifact, set to 0"
2025-06-19 02:00:00+00:00,solar_forecast_mw,21.32,0.0,"Solar > 0 at night (2:00 UTC) but ≤ 50.0 MW → rounding artifact, set to 0"
2025-06-20 02:00:00+00:00,solar_forecast_mw,17.450000000000003,0.0,"Solar > 0 at night (2:00 UTC) but ≤ 50.0 MW → rounding artifact, set to 0"
2025-06-21 02:00:00+00:00,solar_forecast_mw,19.0825,0.0,"Solar > 0 at night (2:00 UTC) but ≤ 50.0 MW → rounding artifact, set to 0"
2025-06-22 02:00:00+00:00,solar_forecast_mw,13.68,0.0,"Solar > 0 at night (2:00 UTC) but ≤ 50.0 MW → rounding artifact, set to 0"
2025-06-23 02:00:00+00:00,solar_forecast_mw,10.1925,0.0,"Solar > 0 at night (2:00 UTC) but ≤ 50.0 MW → rounding artifact, set to 0"
2025-06-24 02:00:00+00:00,solar_forecast_mw,11.515,0.0,"Solar > 0 at night (2:00 UTC) but ≤ 50.0 MW → rounding artifact, set to 0"
2025-06-25 02:00:00+00:00,solar_forecast_mw,8.8575,0.0,"Solar > 0 at night (2:00 UTC) but ≤ 50.0 MW → rounding artifact, set to 0"
2025-06-26 02:00:00+00:00,solar_forecast_mw,12.299999999999999,0.0,"Solar > 0 at night (2:00 UTC) but ≤ 50.0 MW → rounding artifact, set to 0"
2025-06-27 02:00:00+00:00,solar_forecast_mw,12.045,0.0,"Solar > 0 at night (2:00 UTC) but ≤ 50.0 MW → rounding artifact, set to 0"
2025-06-28 02:00:00+00:00,solar_forecast_mw,7.6175,0.0,"Solar > 0 at night (2:00 UTC) but ≤ 50.0 MW → rounding artifact, set to 0"
2025-06-29 02:00:00+00:00,solar_forecast_mw,10.505,0.0,"Solar > 0 at night (2:00 UTC) but ≤ 50.0 MW → rounding artifact, set to 0"
2025-06-30 02:00:00+00:00,solar_forecast_mw,8.715000000000002,0.0,"Solar > 0 at night (2:00 UTC) but ≤ 50.0 MW → rounding artifact, set to 0"
2025-07-01 02:00:00+00:00,solar_forecast_mw,8.5275,0.0,"Solar > 0 at night (2:00 UTC) but ≤ 50.0 MW → rounding artifact, set to 0"
2025-07-02 02:00:00+00:00,solar_forecast_mw,6.0475,0.0,"Solar > 0 at night (2:00 UTC) but ≤ 50.0 MW → rounding artifact, set to 0"
2025-07-03 02:00:00+00:00,solar_forecast_mw,2.865,0.0,"Solar > 0 at night (2:00 UTC) but ≤ 50.0 MW → rounding artifact, set to 0"
2025-07-04 02:00:00+00:00,solar_forecast_mw,7.2525,0.0,"Solar > 0 at night (2:00 UTC) but ≤ 50.0 MW → rounding artifact, set to 0"
2025-07-05 02:00:00+00:00,solar_forecast_mw,5.0025,0.0,"Solar > 0 at night (2:00 UTC) but ≤ 50.0 MW → rounding artifact, set to 0"
2025-07-06 02:00:00+00:00,solar_forecast_mw,3.51,0.0,"Solar > 0 at night (2:00 UTC) but ≤ 50.0 MW → rounding artifact, set to 0"
2025-07-07 02:00:00+00:00,solar_forecast_mw,3.5275,0.0,"Solar > 0 at night (2:00 UTC) but ≤ 50.0 MW → rounding artifact, set to 0"
2025-07-08 02:00:00+00:00,solar_forecast_mw,2.93,0.0,"Solar > 0 at night (2:00 UTC) but ≤ 50.0 MW → rounding artifact, set to 0"
2025-07-09 02:00:00+00:00,solar_forecast_mw,2.3325,0.0,"Solar > 0 at night (2:00 UTC) but ≤ 50.0 MW → rounding artifact, set to 0"
2025-07-10 02:00:00+00:00,solar_forecast_mw,2.9225,0.0,"Solar > 0 at night (2:00 UTC) but ≤ 50.0 MW → rounding artifact, set to 0"
2025-07-11 02:00:00+00:00,solar_forecast_mw,1.785,0.0,"Solar > 0 at night (2:00 UTC) but ≤ 50.0 MW → rounding artifact, set to 0"
2025-07-12 02:00:00+00:00,solar_forecast_mw,0.01,0.0,"Solar > 0 at night (2:00 UTC) but ≤ 50.0 MW → rounding artifact, set to 0"
2025-07-13 02:00:00+00:00,solar_forecast_mw,0.02,0.0,"Solar > 0 at night (2:00 UTC) but ≤ 50.0 MW → rounding artifact, set to 0"
2025-07-14 02:00:00+00:00,solar_forecast_mw,0.0125,0.0,"Solar > 0 at night (2:00 UTC) but ≤ 50.0 MW → rounding artifact, set to 0"
2025-08-02 03:00:00+00:00,solar_forecast_mw,48.3475,0.0,"Solar > 0 at night (3:00 UTC) but ≤ 50.0 MW → rounding artifact, set to 0"
2025-08-03 03:00:00+00:00,solar_forecast_mw,34.64,0.0,"Solar > 0 at night (3:00 UTC) but ≤ 50.0 MW → rounding artifact, set to 0"
2025-08-04 03:00:00+00:00,solar_forecast_mw,20.267500000000002,0.0,"Solar > 0 at night (3:00 UTC) but ≤ 50.0 MW → rounding artifact, set to 0"
2025-08-05 03:00:00+00:00,solar_forecast_mw,21.005000000000003,0.0,"Solar > 0 at night (3:00 UTC) but ≤ 50.0 MW → rounding artifact, set to 0"
2025-08-06 03:00:00+00:00,solar_forecast_mw,40.19,0.0,"Solar > 0 at night (3:00 UTC) but ≤ 50.0 MW → rounding artifact, set to 0"
2025-08-07 03:00:00+00:00,solar_forecast_mw,29.475,0.0,"Solar > 0 at night (3:00 UTC) but ≤ 50.0 MW → rounding artifact, set to 0"
2025-08-08 03:00:00+00:00,solar_forecast_mw,21.1525,0.0,"Solar > 0 at night (3:00 UTC) but ≤ 50.0 MW → rounding artifact, set to 0"
2025-08-09 03:00:00+00:00,solar_forecast_mw,18.935,0.0,"Solar > 0 at night (3:00 UTC) but ≤ 50.0 MW → rounding artifact, set to 0"
2025-08-10 03:00:00+00:00,solar_forecast_mw,18.092499999999998,0.0,"Solar > 0 at night (3:00 UTC) but ≤ 50.0 MW → rounding artifact, set to 0"
2025-08-11 03:00:00+00:00,solar_forecast_mw,15.012500000000001,0.0,"Solar > 0 at night (3:00 UTC) but ≤ 50.0 MW → rounding artifact, set to 0"
2025-08-12 03:00:00+00:00,solar_forecast_mw,17.1125,0.0,"Solar > 0 at night (3:00 UTC) but ≤ 50.0 MW → rounding artifact, set to 0"
2025-08-13 03:00:00+00:00,solar_forecast_mw,9.925,0.0,"Solar > 0 at night (3:00 UTC) but ≤ 50.0 MW → rounding artifact, set to 0"
2025-08-14 03:00:00+00:00,solar_forecast_mw,7.3275,0.0,"Solar > 0 at night (3:00 UTC) but ≤ 50.0 MW → rounding artifact, set to 0"
2025-08-15 03:00:00+00:00,solar_forecast_mw,6.255,0.0,"Solar > 0 at night (3:00 UTC) but ≤ 50.0 MW → rounding artifact, set to 0"
2025-08-16 03:00:00+00:00,solar_forecast_mw,3.93,0.0,"Solar > 0 at night (3:00 UTC) but ≤ 50.0 MW → rounding artifact, set to 0"
2025-08-17 03:00:00+00:00,solar_forecast_mw,1.3875,0.0,"Solar > 0 at night (3:00 UTC) but ≤ 50.0 MW → rounding artifact, set to 0"
2025-08-18 03:00:00+00:00,solar_forecast_mw,0.73,0.0,"Solar > 0 at night (3:00 UTC) but ≤ 50.0 MW → rounding artifact, set to 0"
2025-08-19 03:00:00+00:00,solar_forecast_mw,0.2625,0.0,"Solar > 0 at night (3:00 UTC) but ≤ 50.0 MW → rounding artifact, set to 0"
2025-08-20 03:00:00+00:00,solar_forecast_mw,0.04,0.0,"Solar > 0 at night (3:00 UTC) but ≤ 50.0 MW → rounding artifact, set to 0"
2025-08-21 03:00:00+00:00,solar_forecast_mw,0.0025,0.0,"Solar > 0 at night (3:00 UTC) but ≤ 50.0 MW → rounding artifact, set to 0"
2025-09-13 04:00:00+00:00,solar_forecast_mw,40.6875,0.0,"Solar > 0 at night (4:00 UTC) but ≤ 50.0 MW → rounding artifact, set to 0"
2025-09-14 04:00:00+00:00,solar_forecast_mw,18.125,0.0,"Solar > 0 at night (4:00 UTC) but ≤ 50.0 MW → rounding artifact, set to 0"
2025-09-15 04:00:00+00:00,solar_forecast_mw,18.455000000000002,0.0,"Solar > 0 at night (4:00 UTC) but ≤ 50.0 MW → rounding artifact, set to 0"
2025-09-16 04:00:00+00:00,solar_forecast_mw,23.625,0.0,"Solar > 0 at night (4:00 UTC) but ≤ 50.0 MW → rounding artifact, set to 0"
2025-09-17 04:00:00+00:00,solar_forecast_mw,18.7225,0.0,"Solar > 0 at night (4:00 UTC) but ≤ 50.0 MW → rounding artifact, set to 0"
2025-09-18 04:00:00+00:00,solar_forecast_mw,12.0975,0.0,"Solar > 0 at night (4:00 UTC) but ≤ 50.0 MW → rounding artifact, set to 0"
2025-09-19 04:00:00+00:00,solar_forecast_mw,11.41,0.0,"Solar > 0 at night (4:00 UTC) but ≤ 50.0 MW → rounding artifact, set to 0"
2025-09-20 04:00:00+00:00,solar_forecast_mw,12.7725,0.0,"Solar > 0 at night (4:00 UTC) but ≤ 50.0 MW → rounding artifact, set to 0"
2025-09-21 04:00:00+00:00,solar_forecast_mw,6.675,0.0,"Solar > 0 at night (4:00 UTC) but ≤ 50.0 MW → rounding artifact, set to 0"
2025-09-22 04:00:00+00:00,solar_forecast_mw,0.76,0.0,"Solar > 0 at night (4:00 UTC) but ≤ 50.0 MW → rounding artifact, set to 0"
2025-09-23 04:00:00+00:00,solar_forecast_mw,0.81,0.0,"Solar > 0 at night (4:00 UTC) but ≤ 50.0 MW → rounding artifact, set to 0"
2025-09-24 04:00:00+00:00,solar_forecast_mw,0.375,0.0,"Solar > 0 at night (4:00 UTC) but ≤ 50.0 MW → rounding artifact, set to 0"
2025-09-25 04:00:00+00:00,solar_forecast_mw,0.19,0.0,"Solar > 0 at night (4:00 UTC) but ≤ 50.0 MW → rounding artifact, set to 0"
2025-09-26 04:00:00+00:00,solar_forecast_mw,0.0075,0.0,"Solar > 0 at night (4:00 UTC) but ≤ 50.0 MW → rounding artifact, set to 0"
